Name,Ticker Data,Ticker
Aberdeen International Inc-,AAB,AAB.TO
Acadian Timber Corp-,ADN,ADN.TO
Accord Financial Corp-,ACD,ACD.TO
Aclara Resources Inc-,ARA,ARA.TO
Adcore Inc-,ADCO,ADCO.TO
ADENTRA Inc-,ADEN,ADEN.TO
ADF Group Inc-,DRX,DRX.TO
Advantage Energy Ltd-,AAV,AAV.TO
Aecon Group Inc-,ARE,ARE.TO
Aegis Brands Inc-,AEG,AEG.TO
AEterna Zentaris Inc-,AEZS,AEZS.TO
Africa Oil Corp-,AOI,AOI.TO
Ag Growth International Inc-,AFN,AFN.TO
AGF Management Limited,AGF-B,AGF-B.TO
Agnico Eagle Mines Limited,AEM,AEM.TO
Agrinam Acquisition Corporation,AGRI-U,AGRI-U.TO
Aimia Inc-,AIM,AIM.TO
Air Canada,AC,AC.TO
AirBoss of America Corp-,BOS,BOS.TO
Akita Drilling Ltd-,AKT-A,AKT-A.TO
Akumin Inc-,AKU,AKU.TO
Alamos Gold Inc-,AGI,AGI.TO
Algoma Central Corporation,ALC,ALC.TO
Algoma Steel Group Inc-,ASTL,ASTL.TO
Algonquin Power & Utilities Corp-,AQN,AQN.TO
Alimentation Couche-Tard Inc-,ATD,ATD.TO
Alithya Group inc-,ALYA,ALYA.TO
Allied Gold Corporation,AAUC,AAUC.TO
Almaden Minerals Ltd-,AMM,AMM.TO
Almonty Industries Inc-,AII,AII.TO
Alta Copper Corp-,ATCU,ATCU.TO
AltaGas Ltd-,ALA,ALA.TO
Altius Minerals Corporation,ALS,ALS.TO
Altius Renewable Royalties Corp-,ARR,ARR.TO
Altus Group Limited,AIF,AIF.TO
American Hotel Income Properties REIT LP,HOT-DB-V,HOT-UN.TO
Americas Gold and Silver Corporation,USA,USA.TO
Amerigo Resources Ltd-,ARG,ARG.TO
Anaergia Inc-,ANRG,ANRG.TO
Andlauer Healthcare Group Inc-,AND,AND.TO
Andrew Peller Limited/Andrew Peller Limitee,ADW-A,ADW-A.TO
Antibe Therapeutics Inc-,ATE,ATE.TO
Appili Therapeutics Inc-,APLI,APLI.TO
Aptose Biosciences Inc-,APS,APS.TO
ARC Resources Ltd-,ARX,ARX.TO
Argonaut Gold Inc-,AR,AR.TO
Aris Mining Corporation,ARIS,ARIS.TO
Aritzia Inc-,ATZ,ATZ.TO
Arizona Metals Corp-,AMC,AMC.TO
Arizona Sonoran Copper Company Inc-,ASCU,ASCU.TO
Arrow Long/Short Alternative Class,ACAA,ACAA.TO
Ascendant Resources Inc-,ASND,ASND.TO
Ascot Resources Ltd-,AOT,AOT.TO
ATCO Ltd-,ACO-X,ACO-X.TO
Athabasca Oil Corporation,ATH,ATH.TO
Atrium Mortgage Investment Corporation,AI,AI.TO
ATS Corporation,ATS,ATS.TO
Augusta Gold Corp-,G,G.TO
Aura Minerals Inc-,ORA,ORA.TO
Aurora Cannabis Inc-,ACB,ACB.TO
AutoCanada Inc-,ACQ,ACQ.TO
Auxly Cannabis Group Inc-,XLY,XLY.TO
Avalon Advanced Materials Inc-,AVL,AVL.TO
Avant Brands Inc-,AVNT,AVNT.TO
Avicanna Inc-,AVCN,AVCN.TO
Avino Silver & Gold Mines Ltd-,ASM,ASM.TO
Axis Auto Finance Inc-,AXIS,AXIS.TO
Aya Gold & Silver Inc-,AYA,AYA.TO
Barrick Gold Corporation,ABX,ABX.TO
Golden Minerals Company,AUMN,AUMN.TO
HealWELL AI Inc-,AIDX,AIDX.TO
SNC-Lavalin Group Inc-,ATRL,ATRL.TO
AirBoss of America Corp-,BOS,BOS.TO
B2Gold Corp-,BTO,BTO.TO
Badger Infrastructure Solutions Ltd-,BDGI,BDGI.TO
Ballard Power Systems Inc-,BLDP,BLDP.TO
Bank of Montreal,BMO,BMO.TO
Bank of Nova Scotia (The),BNS,BNS.TO
Barrick Gold Corporation,ABX,ABX.TO
Bausch + Lomb Corporation,BLCO,BLCO.TO
Bausch Health Companies Inc-,BHC,BHC.TO
Baylin Technologies Inc-,BYL,BYL.TO
Baytex Energy Corp-,BTE,BTE.TO
BCE Inc-,BCE,BCE.TO
Becker Milk Company Ltd- (The),BEK-B,BEK-B.TO
Belo Sun Mining Corp-,BSX,BSX.TO
Bengal Energy Ltd-,BNG,BNG.TO
Big Banc Split Corp-,BNK,BNK.TO
Big Pharma Split Corp-,PRM,PRM.TO
Big Rock Brewery Inc-,BR,BR.TO
BIP Investment Corporation,BIK-PR-A,BIK-PA.TO
Birchcliff Energy Ltd-,BIR,BIR.TO
Bird Construction Inc-,BDT,BDT.TO
Bitfarms Ltd-,BITF,BITF.TO
Black Diamond Group Limited,BDI,BDI.TO
Black Iron Inc-,BKI,BKI.TO
BlackBerry Limited,BB,BB.TO
Blackline Safety Corp-,BLN,BLN.TO
BMTC Group Inc-,GBT,GBT.TO
Boat Rocker Media Inc-,BRMI,BRMI.TO
Bombardier Inc-,BBD-A,BBD-B.TO
Bonterra Energy Corp-,BNE,BNE.TO
Boralex Inc-,BLX,BLX.TO
Boyd Group Services Inc-,BYD,BYD.TO
Bragg Gaming Group Inc-,BRAG,BRAG.TO
Bri-Chem Corp-,BRY,BRY.TO
BriaCell Therapeutics Corp-,BCT,BCT.TO
Bridgemarq Real Estate Services Inc-,BRE,BRE.TO
Brompton Energy Split Corp-,ESP,ESP.TO
Brompton Lifeco Split Corp-,LCS,LCS.TO
Brompton Split Banc Corp-,SBC,SBC.TO
Brookfield Asset Management Ltd-,BAM,BAM.TO
Brookfield Business Corporation,BBUC,BBUC.TO
Brookfield Business Partners L-P-,BBU-UN,BBU-UN.TO
Brookfield Corporation,BN,BN.TO
Brookfield Infrastructure Corporation,BIPC,BIPC.TO
Brookfield Infrastructure Partners L-P-,BIP-PR-A,BIP-UN.TO
Brookfield Office Properties Inc-,BPO-PR-A,BPO-PX.TO
Brookfield Property Preferred L-P-,BPYP-PR-A,BPYP-PA.TO
Brookfield Renewable Corporation,BEPC,BEPC.TO
Brookfield Renewable Partners L-P-,BEP-PR-G,BEP-UN.TO
Brookfield Renewable Power Preferred Equity Inc-,BRF-PR-A,BRF-PC.TO
BRP Inc-,DOO,DOO.TO
Buhler Industries Inc-,BUI,BUI.TO
Burcon Nutrascience Corporation,BU,BU.TO
Canadian Banc Corp-,BK,BK.TO
Else Nutrition Holdings Inc-,BABY,BABY.TO
CAE Inc-,CAE,CAE.TO
Caldwell Partners International Inc- (The),CWL,CWL.TO
Calfrac Well Services Ltd-,CFW,CFW.TO
Calian Group Ltd-,CGY,CGY.TO
Calibre Mining Corp-,CXB,CXB.TO
Cameco Corporation,CCO,CCO.TO
Canaccord Genuity Group Inc-,CF,CF.TO
Canacol Energy Ltd-,CNE,CNE.TO
Canada Goose Holdings Inc-,GOOS,GOOS.TO
Canadian Banc Corp-,BK,BK.TO
"Canadian General Investments, Limited",CGI,CGI.TO
Canadian Imperial Bank Of Commerce,CM,CM.TO
Canadian Life Companies Split Corp-,LFE,LFE.TO
Canadian National Railway Company,CNR,CNR.TO
Canadian Natural Resources Limited,CNQ,CNQ.TO
Canadian Pacific Kansas City Limited,CP,CP.TO
"Canadian Tire Corporation, Limited",CTC,CTC-A.TO
Canadian Utilities Limited,CU,CU.TO
Canadian Western Bank,CWB,CWB.TO
Canagold Resources Ltd-,CCM,CCM.TO
Canfor Corporation,CFP,CFP.TO
Canfor Pulp Products Inc-,CFX,CFX.TO
Canlan Ice Sports Corp-,ICE,ICE.TO
Canopy Growth Corporation,WEED,WEED.TO
Capital Power Corporation,CPX,CPX.TO
Capstone Copper Corp-,CS,CS.TO
Capstone Infrastructure Corporation,CSE-PR-A,CSE-PA.TO
Cardinal Energy Ltd-,CJ,CJ.TO
Cardiol Therapeutics Inc-,CRDL,CRDL.TO
CareRx Corporation,CRRX,CRRX.TO
Cargojet Inc-,CJT,CJT.TO
"Caribbean Utilities Company, Ltd-",CUP-U,CUP-U.TO
Cascades Inc-,CAS,CAS.TO
Cathedral Energy Services Ltd-,CET,CET.TO
CCL Industries Inc-,CCL-A,CCL-B.TO
Celestica Inc-,CLS,CLS.TO
Cenovus Energy Inc-,CVE,CVE.TO
Centamin plc,CEE,CEE.TO
Centerra Gold Inc-,CG,CG.TO
Century Global Commodities Corporation,CNT,CNT.TO
Ceres Global Ag Corp-,CRP,CRP.TO
Ceridian HCM Holding Inc-,CDAY,CDAY.TO
CES Energy Solutions Corp-,CEU,CEU.TO
CGI Inc-,GIB-A,GIB-A.TO
Champion Iron Limited,CIA,CIA.TO
"Charlotte's Web Holdings, Inc-",CWEB,CWEB.TO
Chartwell Retirement Residences,CSH-UN,CSH-UN.TO
Chesswood Group Limited,CHW,CHW.TO
China Gold International Resources Corp- Ltd-,CGG,CGG.TO
Chorus Aviation Inc-,CHR,CHR.TO
CI Financial Corp-,CIX,CIX.TO
CI Global Asset Allocation Private Pool,CGAA,CGAA.TO
CI Global High Yield Credit Private Pool,CGHY,CGHY.TO
CI Global Infrastructure Private Pool,CINF,CINF.TO
CI Global Real Asset Private Pool,CGRA,CGRA.TO
CI Global REIT Private Pool,CGRE,CGRE.TO
CIBC Conservative Fixed Income Pool,CCNS,0P0001IMXJ.TO
CIBC Core Fixed Income Pool,CCRE,CCRE.TO
CIBC Core Plus Fixed Income Pool,CPLS,0P0001IMXR.TO
Cineplex Inc-,CGX,CGX.TO
Cipher Pharmaceuticals Inc-,CPH,CPH.TO
Clairvest Group Inc-,CVG,CVG.TO
Clarke Inc-,CKI,CKI.TO
Co-operators General Insurance Company,CCS-PR-C,CCS-PC.TO
Cogeco Communications Inc-,CCA,CCA.TO
Cogeco Inc-,CGO,CCA.TO
Colabor Group Inc-,GCL,GCL.TO
Collective Mining Ltd-,CNL,CNL.TO
Colliers International Group Inc-,CIGI,CIGI.TO
Commerce Split Corp-,YCM,YCM-PA.TO
Computer Modelling Group Ltd-,CMG,CMG.TO
Condor Energies Inc-,CDR,CDR.TO
Condor Gold plc,COG,COG.TO
Conifex Timber Inc-,CFF,CFF.TO
Constellation Software Inc-,CSU,CSU.TO
Converge Technology Solutions Corp-,CTS,CTS.TO
Copperleaf Technologies Inc-,CPLF,CPLF.TO
Corby Spirit and Wine Limited,CSW-A,CSW-A.TO
Corus Entertainment Inc-,CJR-B,CJR-B.TO
Coveo Solutions Inc-,CVO,CVO.TO
Crescent Point Energy Corp-,CPG,CPG.TO
Crescita Therapeutics Inc-,CTX,CTX.TO
Crew Energy Inc-,CR,CR.TO
Cronos Group Inc-,CRON,CRON.TO
Crown Capital Partners Inc-,CRWN,CRWN.TO
CU Inc-,CIU-PR-A,CIU-PC.TO
"Currency Exchange International, Corp-",CXI,CXI.TO
Cymbria Corporation,CYB,CYB.TO
ADF Group Inc-,DRX,DRX.TO
BRP Inc-,DOO,DOO.TO
D-Box Technologies Inc-,DBO,DBO.TO
D2L Inc-,DTOL,DTOL.TO
Data Communications Management Corp-,DCM,DCM.TO
Definity Financial Corporation,DFY,DFY.TO
Delta 9 Cannabis Inc-,DN,DN.TO
Denison Mines Corp-,DML,DML.TO
dentalcorp Holdings Ltd-,DNTL,DNTL.TO
Descartes Systems Group Inc- (The),DSG,DSG.TO
Dexterra Group Inc-,DXT,DXT.TO
DIRTT Environmental Solutions Ltd-,DRT,DRT.TO
Discovery Silver Corp-,DSV,DSV.TO
Diversified Royalty Corp-,DIV,DIV.TO
Dividend 15 Split Corp-,DFN,DFN.TO
Dividend 15 Split Corp- II,DF,DF.TO
Dividend Growth Split Corp-,DGS,DGS.TO
Dividend Select 15 Corp-,DS,DS.TO
Docebo Inc-,DCBO,DCBO.TO
Dollarama Inc-,DOL,DOL.TO
Doman Building Materials Group Ltd-,DBM,DBM.TO
Dominion Lending Centres Inc-,DLCG,DLCG.TO
Dorel Industries Inc-,DII-A,DII-B.TO
DREAM Unlimited Corp-,DRM,DRM.TO
Dundee Corporation,DC-A,DC-A.TO
Dundee Precious Metals Inc-,DPM,DPM.TO
Dye & Durham Limited,DND,DND.TO
dynaCERT Inc-,DYA,DYA.TO
Dynacor Group Inc-,DNG,DNG.TO
Medical Facilities Corporation,DR,DR.TO
Star Diamond Corporation,DIAM,DIAM.TO
Brompton Energy Split Corp-,ESP,ESP.TO
E Split Corp-,ENS,ENS.TO
E-L Financial Corporation Limited,ELF,ELF.TO
East Side Games Group Inc-,EAGR,EAGR.TO
Eastern Platinum Limited,ELR,ELR.TO
ECN Capital Corp-,ECN,ECN.TO
EcoSynthetix Inc-,ECO,ECO.TO
Eldorado Gold Corporation,ELD,ELD.TO
Electrovaya Inc-,ELVA,ELVA.TO
Element Fleet Management Corp-,EFN,EFN.TO
Eloro Resources Ltd-,ELO,ELO.TO
Else Nutrition Holdings Inc-,BABY,BABY.TO
Emera Incorporated,EMA,EMA.TO
Empire Company Limited,EMP-A,EMP-A.TO
Enbridge Inc-,ENB,ENB.TO
Endeavour Mining plc,EDV,EDV.TO
Endeavour Silver Corp-,EDR,EDR.TO
Enerflex Ltd-,EFX,EFX.TO
Energy Fuels Inc-,EFR,EFR.TO
Enerplus Corporation,ERF,ERF.TO
Enghouse Systems Limited,ENGH,ENGH.TO
Ensign Energy Services Inc-,ESI,ESI.TO
"Enterprise Group, Inc-",E,E.TO
Enthusiast Gaming Holdings Inc-,EGLX,EGLX.TO
Entree Resources Ltd-,ETG,ETG.TO
EQB Inc-,EQB,EQB.TO
Equinox Gold Corp-,EQX,EQX.TO
Erdene Resource Development Corporation,ERD,ERD.TO
Ero Copper Corp-,ERO,ERO.TO
Eupraxia Pharmaceuticals Inc-,EPRX,EPRX.TO
Euro Sun Mining Inc-,ESM,ESM.TO
Evertz Technologies Limited,ET,ET.TO
Excellon Resources Inc-,EXN,EXN.TO
Excelsior Mining Corp-,MIN,MIN.TO
Exchange Income Corporation,EIF,EIF.TO
Exco Technologies Limited,XTC,XTC.TO
Exro Technologies Inc-,EXRO,EXRO.TO
Extendicare Inc-,EXE,EXE.TO
Silver Elephant Mining Corp-,ELEF,ELEF.TO
Spectral Medical Inc-,EDT,EDT.TO
Fairfax Financial Holdings Limited,FFH,FFH.TO
Fairfax India Holdings Corporation,FIH-U,FIH-U.TO
FansUnite Entertainment Inc-,FANS,FANS.TO
Faraday Copper Corp-,FDY,FDY.TO
Farmers Edge Inc-,FDGE,FDGE.TO
FG Acquisition Corp-,FGAA-U,FGAA-U.TO
Fiera Capital Corporation,FSZ,FSZ.TO
Filo Corp,FIL,FIL.TO
Financial 15 Split Corp-,FTN,FTN.TO
Finning International Inc-,FTT,FTT.TO
Firan Technology Group Corporation,FTG,FTG.TO
Firm Capital Mortgage Investment Corporation,FC,FC.TO
First Majestic Silver Corp-,FR,FR.TO
First Mining Gold Corp-,FF,FF.TO
First National Financial Corporation,FN,FN.TO
First Quantum Minerals Ltd-,FM,FM.TO
FirstService Corporation,FSV,FSV.TO
Fission Uranium Corp-,FCU,FCU.TO
FLINT Corp-,FLNT,FLNT.TO
Flow Beverage Corp-,FLOW,FLOW.TO
Foraco International SA,FAR,FAR.TO
Foran Mining Corporation,FOM,FOM.TO
Forsys Metals Corp-,FSY,FSY.TO
Fortis Inc-,FTS,FTS.TO
Fortuna Silver Mines Inc-,FVI,FVI.TO
Fortune Minerals Limited,FT,FT.TO
Forza Petroleum Limited,FORZ,FORZ.TO
Franco-Nevada Corporation,FNV,FNV.TO
Freegold Ventures Limited,FVL,FVL.TO
Freehold Royalties Ltd-,FRU,FRU.TO
Frontera Energy Corporation,FEC,FEC.TO
Fury Gold Mines Limited,FURY,FURY.TO
Goodfood Market Corp-,FOOD,FOOD.TO
North American Financial 15 Split Corp-,FFN,FFN.TO
US Financial 15 Split Corp-,FTU,FTU.TO
VerticalScope Holdings Inc-,FORA,FORA.TO
Augusta Gold Corp-,G,G.TO
BMTC Group Inc-,GBT,GBT.TO
Canada Goose Holdings Inc-,GOOS,GOOS.TO
CGI Inc-,GIB-A,GIB-A.TO
Colabor Group Inc-,GCL,GCL.TO
Galaxy Digital Holdings Ltd-,GLXY,GLXY.TO
Galiano Gold Inc-,GAU,GAU.TO
Gamehost Inc-,GH,GH.TO
"Gatos Silver, Inc-",GATO,GATO.TO
GDI Integrated Facility Services Inc-,GDI,GDI.TO
Gear Energy Ltd-,GXE,GXE.TO
Generation Mining Limited,GENM,GENM.TO
Genesis Land Development Corp-,GDC,GDC.TO
Geodrill Limited,GEO,GEO.TO
George Weston Limited,WN,WN.TO
GFL Environmental Inc-,GFL,GFL.TO
Gibson Energy Inc-,GEI,GEI.TO
Gildan Activewear Inc-,GIL,GIL.TO
Givex Corp-,GIVX,GIVX.TO
Glacier Media Inc-,GVC,GVC.TO
GLG Life Tech Corporation,GLG,GLG.TO
Global Atomic Corporation,GLO,GLO.TO
Global Dividend Growth Split Corp-,GDV,GDV.TO
Global Education Communities Corp-,GEC,GEC.TO
Globex Mining Enterprises Inc-,GMX,GMX.TO
goeasy Ltd-,GSY,GSY.TO
GoGold Resources Inc-,GGD,GGD.TO
Gold Mountain Mining Corp-,GMTN,GMTN.TO
Gold Springs Resource Corp-,GRC,GRC.TO
Golden Minerals Company,AUMN,AUMN.TO
Goldgroup Mining Inc-,GGA,GGA.TO
GoldMining Inc-,GOLD,GOLD.TO
GoldMoney Inc-,XAU,XAU.TO
Goodfellow Inc-,GDL,GDL.TO
Goodfood Market Corp-,FOOD,FOOD.TO
Gran Tierra Energy Inc-,GTE,GTE.TO
Great-West Lifeco Inc-,GWO,GWO.TO
GreenFirst Forest Products Inc-,GFP,GFP.TO
Greenlane Renewables Inc-,GRN,GRN.TO
Guardian Capital Group Limited,GCG,GCG-A.TO
Guardian Directed Equity Path Portfolio,GDEP,GDEP.TO
Guardian Directed Premium Yield Portfolio,GDPY,GDPY.TO
GURU Organic Energy Corp-,GURU,GURU.TO
Knight Therapeutics Inc-,GUD,GUD.TO
NanoXplore Inc-,GRA,GRA.TO
Tantalus Systems Holding Inc-,GRID,GRID.TO
American Hotel Income Properties REIT LP,HOT-DB-V,HOT-UN.TO
Haivision Systems Inc-,HAI,HAI.TO
Hamilton Thorne Ltd-,HTL,HTL.TO
Hammond Manufacturing Company Limited,HMM-A,HMM-A.TO
Hammond Power Solutions Inc-,HPS-A,HPS-A.TO
Headwater Exploration Inc-,HWX,HWX.TO
HealWELL AI Inc-,AIDX,AIDX.TO
Helios Fairfax Partners Corporation,HFPC-U,HFPC-U.TO
Helix BioPharma Corp-,HBP,HBP.TO
Heroux-Devtek Inc-,HRX,HRX.TO
High Arctic Energy Services Inc-,HWO,HWO.TO
High Liner Foods Incorporated,HLF,HLF.TO
HLS Therapeutics Inc-,HLS,HLS.TO
Horizonte Minerals Plc-,HZM,HZM.TO
Hudbay Minerals Inc-,HBM,HBM.TO
Hut 8 Corp-,HUT,HUT.TO
Hydro One Limited,H,H.TO
Canlan Ice Sports Corp-,ICE,ICE.TO
i-80 Gold Corp-,IAU,IAU.TO
i3 Energy plc,ITE,ITE.TO
iA Financial Corporation Inc-,IAG,IAG.TO
IA Wealth Enhanced Bond Pool,IWEB,IWEB.TO
IAMGOLD Corporation,IMG,IMG.TO
iFabric Corp-,IFA,IFA.TO
IGM Financial Inc-,IGM,IGM.TO
illumin Holdings Inc-,ILLM,ILLM.TO
Imperial Metals Corporation,III,III.TO
Imperial Oil Limited,IMO,IMO.TO
Indigo Books & Music Inc-,IDG,IDG.TO
Industrial Alliance Insurance and Financial Services Inc-,IAF-PR-B,IAG.TO
Information Services Corporation,ISV,ISV.TO
Innergex Renewable Energy Inc-,INE,INE.TO
InPlay Oil Corp-,IPO,IPO.TO
Intact Financial Corporation,IFC,IFC.TO
IntelGenx Technologies Corp-,IGX,IGX.TO
IntelliPharmaCeutics International Inc-,IPCI,IPCI.TO
Interfor Corporation,IFP,IFP.TO
Intermap Technologies Corporation,IMP,IMP.TO
International Petroleum Corporation,IPCO,IPCO.TO
International Tower Hill Mines Ltd-,ITH,ITH.TO
Invesque Inc-,IVQ,IVQ.TO
Ivanhoe Electric Inc-,IE,IE.TO
Ivanhoe Mines Ltd-,IVN,IVN.TO
Purpose Global Bond Class,IGB,IGB.TO
Jaguar Mining Inc-,JAG,JAG.TO
Jamieson Wellness Inc-,JWEL,JWEL.TO
Journey Energy Inc-,JOY,JOY.TO
K-Bro Linen Inc-,KBL,KBL.TO
K92 Mining Inc-,KNT,KNT.TO
Karnalyte Resources Inc-,KRN,KRN.TO
Karora Resources Inc-,KRR,KRR.TO
Kelso Technologies Inc-,KLS,KLS.TO
Kelt Exploration Ltd-,KEL,KEL.TO
Keyera Corp-,KEY,KEY.TO
Kinaxis Inc-,KXS,KXS.TO
Kinross Gold Corporation,K,K.TO
Kits Eyecare Ltd-,KITS,KITS.TO
Kiwetinohk Energy Corp-,KEC,KEC.TO
"kneat-com, inc-",KSI,KSI.TO
Knight Therapeutics Inc-,GUD,GUD.TO
Kolibri Global Energy Inc-,KEI,KEI.TO
KP Tissue Inc-,KPT,KPT.TO
Brompton Lifeco Split Corp-,LCS,LCS.TO
Canadian Life Companies Split Corp-,LFE,LFE.TO
Labrador Iron Ore Royalty Corporation,LIF,LIF.TO
Laramide Resources Ltd-,LAM,LAM.TO
Largo Inc-,LGO,LGO.TO
Lassonde Industries Inc-,LAS-A,LAS-A.TO
Laurentian Bank of Canada,LB,LB.TO
Leon's Furniture Limited,LNF,LNF.TO
Liberty Gold Corp-,LGD,LGD.TO
Life & Banc Split Corp-,LBS,LBS.TO
LifeSpeak Inc,LSPK,LSPK.TO
Lightspeed Commerce Inc-,LSPD,LSPD.TO
Linamar Corporation,LNR,LNR.TO
Lion Electric Company (The),LEV,LEV.TO
Lithium Americas (Argentina) Corp-,LAAC,LAAC.TO
Lithium Americas Corp-,LAC,LAC.TO
Lithium Royalty Corp-,LIRC,LIRC.TO
Loblaw Companies Limited,L,L.TO
Loncor Gold Inc-,LN,LN.TO
Loop Energy Inc-,LPEN,LPEN.TO
Lucara Diamond Corp-,LUC,LUC.TO
Lundin Gold Inc-,LUG,LUG.TO
Lundin Mining Corporation,LUN,LUN.TO
MediPharm Labs Corp-,LABS,LABS.TO
Tidewater Renewables Ltd-,LCFS,LCFS.TO
Excelsior Mining Corp-,MIN,MIN.TO
M Split Corp-,XMF-A,XMF-A.TO
Mackenzie Master Limited Partnership,MKZ-UN,MKZ-UN.TO
Madison Pacific Properties Inc-,MPC,MPC-C.TO
MAG Silver Corp-,MAG,MAG.TO
Magellan Aerospace Corporation,MAL,MAL.TO
Magna International Inc-,MG,MG.TO
Mainstreet Equity Corp-,MEQ,MEQ.TO
Major Drilling Group International Inc-,MDI,MDI.TO
Mandalay Resources Corporation,MND,MND.TO
Manulife Financial Corporation,MFC,MFC.TO
Maple Leaf Foods Inc-,MFI,MFI.TO
Marimaca Copper Corp-,MARI,MARI.TO
Martinrea International Inc-,MRE,MRE.TO
Mattr Corp-,MATR,MATR.TO
Maxim Power Corp-,MXG,MXG.TO
MCAN Mortgage Corporation,MKP,MKP.TO
McCoy Global Inc-,MCB,MCB.TO
McEwen Mining Inc-,MUX,MUX.TO
MDA Ltd-,MDA,MDA.TO
mdf commerce inc-,MDF,MDF.TO
Medexus Pharmaceuticals Inc-,MDP,MDP.TO
MediaValet Inc-,MVP,MVP.TO
Medical Facilities Corporation,DR,DR.TO
Medicenna Therapeutics Corp-,MDNA,MDNA.TO
MediPharm Labs Corp-,LABS,LABS.TO
MEG Energy Corp-,MEG,MEG.TO
Mega Uranium Ltd-,MGA,MGA.TO
Melcor Developments Ltd-,MRD,MRD.TO
Meridian Mining UK Societas,MNO,MNO.TO
Methanex Corporation,MX,MX.TO
Metro Inc-,MRU,MRU.TO
Microbix Biosystems Inc-,MBX,MBX.TO
Minco Silver Corporation,MSV,MSV.TO
Mogo Inc-,MOGO,MOGO.TO
Molson Coors Canada Inc-,TPX-A,TPX-B.TO
Moneta Gold Inc-,ME,ME.TO
Morguard Corporation,MRC,MRC.TO
Mountain Province Diamonds Inc-,MPVD,MPVD.TO
MTY Food Group Inc-,MTY,MTY.TO
Mullen Group Ltd-,MTL,MTL.TO
Royal Canadian Mint - Canadian Gold Reserves,MNT,MNT.TO
Royal Canadian Mint - Canadian Silver Reserves,MNS,MNS.TO
Sagen MI Canada Inc-,MIC-PR-A,MIC-PA.TO
Nano One Materials Corp-,NANO,NANO.TO
NanoXplore Inc-,GRA,GRA.TO
Neighbourly Pharmacy Inc-,NBLY,NBLY.TO
Neo Performance Materials Inc-,NEO,NEO.TO
Nevada Copper Corp-,NCU,NCU.TO
New Gold Inc-,NGD,NGD.TO
New Pacific Metals Corp-,NUAG,NUAG.TO
Newmont Corporation,NGT,NGT.TO
NexGen Energy Ltd-,NXE,NXE.TO
NextSource Materials Inc-,NEXT,NEXT.TO
Nexus Industrial REIT,NXR-UN,NXR-UN.TO
NFI Group Inc-,NFI,NFI.TO
Nickel Creek Platinum Corp-,NCP,NCP.TO
Nighthawk Gold Corp-,NHK,NHK.TO
NioCorp Developments Ltd-,NB,NB.TO
North American Construction Group Ltd-,NOA,NOA.TO
North American Financial 15 Split Corp-,FFN,FFN.TO
North West Company Inc- (The),NWC,NWC.TO
Northcliff Resources Ltd-,NCF,NCF.TO
Northern Dynasty Minerals Ltd-,NDM,NDM.TO
Northland Power Inc-,NPI,NPI.TO
Northview Residential REIT,NRR-UN,NRR-UN.TO
Nova Cannabis Inc-,NOVC,NOVC.TO
NovaGold Resources Inc-,NG,NG.TO
Novo Resources Corp-,NVO,NVO.TO
Numinus Wellness Inc-,NUMI,NUMI.TO
Nutrien Ltd-,NTR,NTR.TO
Nuvei Corporation,NVEI,NVEI.TO
NuVista Energy Ltd-,NVA,NVA.TO
NXT Energy Solutions Inc-,SFD,SFD.TO
Verde Agritech Ltd-,NPK,NPK.TO
Aura Minerals Inc-,ORA,ORA.TO
Obsidian Energy Ltd-,OBE,OBE.TO
OceanaGold Corporation,OGC,OGC.TO
Olympia Financial Group Inc-,OLY,OLY.TO
Oncolytics Biotech Inc-,ONC,ONC.TO
ONEX Corporation,ONEX,ONEX.TO
Open Text Corporation,OTEX,OTEX.TO
Optiva Inc-,OPT,OPT.TO
Orbit Garant Drilling Inc-,OGD,OGD.TO
Orea Mining Corp-,OREA,OREA.TO
Orezone Gold Corporation,ORE,ORE.TO
Organigram Holdings Inc-,OGI,OGI.TO
Orla Mining Ltd,OLA,OLA.TO
Orvana Minerals Corp-,ORV,ORV.TO
Osisko Gold Royalties Ltd,OR,OR.TO
Osisko Mining Inc-,OSK,OSK.TO
Ovintiv Inc-,OVV,OVV.TO
Big Pharma Split Corp-,PRM,PRM.TO
Pan American Silver Corp-,PAAS,PAAS.TO
Paramount Resources Ltd-,POU,POU.TO
Parex Resources Inc-,PXT,PXT.TO
Park Lawn Corporation,PLC,PLC.TO
Parkland Corporation,PKI,PKI.TO
Partners Value Split Corp-,PVS-PR-F,PVS-PG.TO
Pason Systems Inc-,PSI,PSI.TO
Payfare Inc-,PAY,PAY.TO
Pembina Pipeline Corporation,PPL,PPL.TO
Perpetual Energy Inc-,PMT,PMT.TO
Perseus Mining Limited,PRU,PRU.TO
Pet Valu Holdings Ltd-,PET,PET.TO
PetroTal Corp-,TAL,TAL.TO
Petrus Resources Ltd-,PRQ,PRQ.TO
Peyto Exploration & Development Corp-,PEY,PEY.TO
PHX Energy Services Corp-,PHX,PHX.TO
Pieridae Energy Limited,PEA,PEA.TO
PIMCO Managed Conservative Bond Pool,PCON,PCON.TO
PIMCO Managed Core Bond Pool,PCOR,PCOR.TO
Pine Cliff Energy Ltd-,PNE,PNE.TO
Pinetree Capital Ltd-,PNP,PNP.TO
Pizza Pizza Royalty Corp-,PZA,PZA.TO
Platinum Group Metals Ltd-,PTM,PTM.TO
Plaza Retail REIT,PLZ-UN,PLZ-UN.TO
Polaris Renewable Energy Inc-,PIF,PIF.TO
Pollard Banknote Limited,PBL,PBL.TO
Postmedia Network Canada Corp-,PNC-A,PNC-B.TO
Power Corporation of Canada,POW,POW.TO
Power Financial Corporation,PWF-PF-A,PWF-PT.TO
Prairie Provident Resources Inc-,PPR,PPR.TO
PrairieSky Royalty Ltd-,PSK,PSK.TO
Precision Drilling Corporation,PD,PD.TO
Premium Brands Holdings Corporation,PBH,PBH.TO
Premium Income Corporation,PIC-A,PIC-A.TO
Prime Dividend Corp-,PDV,PDV.TO
Prime Mining Corp-,PRYM,PRYM.TO
Primo Water Corporation,PRMW,PRMW.TO
Probe Gold Inc-,PRB,PRB.TO
Profound Medical Corp-,PRN,PRN.TO
Propel Holdings Inc-,PRL,PRL.TO
Pulse Seismic Inc-,PSD,PSD.TO
Purpose Global Bond Class,IGB,IGB.TO
PyroGenesis Canada Inc-,PYR,PYR.TO
Sentry Select Primary Metals Corp-,PME,PME.TO
Sustainable Power & Infrastructure Split Corp-,PWI,PWI.TO
Q4 Inc-,QFOR,QFOR.TO
Quarterhill Inc-,QTRH,QTRH.TO
Quebecor Inc-,QBR-A,QBR-B.TO
Questerre Energy Corporation,QEC,QEC.TO
Restaurant Brands International Inc-,QSR,QSR.TO
Real Estate Split Corp-,RS,RS.TO
Real Matters Inc-,REAL,REAL.TO
Restaurant Brands International Inc-,QSR,QSR.TO
Resverlogix Corp-,RVX,RVX.TO
RF Capital Group Inc-,RCG,RCG.TO
Richelieu Hardware Ltd-,RCH,RCH.TO
Rogers Communications Inc-,RCI-A,RCI-B.TO
Rogers Sugar Inc-,RSI,RSI.TO
Roots Corporation,ROOT,ROOT.TO
Royal Bank of Canada,RY,RY.TO
Royal Canadian Mint - Canadian Gold Reserves,MNT,MNT.TO
Royal Canadian Mint - Canadian Silver Reserves,MNS,MNS.TO
RTG Mining Inc-,RTG,RTG.TO
Rubellite Energy Inc-,RBY,RBY.TO
Rupert Resources Ltd-,RUP,RUP.TO
Russel Metals Inc-,RUS,RUS.TO
Russell Investments Fixed Income Pool,RIFI,RIFI.TO
Russell Investments Global Infrastructure Pool,RIIN,RIIN.TO
Russell Investments Real Assets,RIRA,RIRA.TO
Stingray Group Inc-,RAY-A,RAY-A.TO
Brompton Split Banc Corp-,SBC,SBC.TO
NXT Energy Solutions Inc-,SFD,SFD.TO
S Split Corp-,SBN,SBN.TO
Sabre Gold Mines Corp-,SGLD,SGLD.TO
Sagen MI Canada Inc-,MIC-PR-A,MIC-PA.TO
Sagicor Financial Company Ltd-,SFC,SFC.TO
Sandstorm Gold Ltd-,SSL,SSL.TO
Sangoma Technologies Corporation,STC,STC.TO
Saputo Inc-,SAP,SAP.TO
Saturn Oil & Gas Inc-,SOIL,SOIL.TO
Savaria Corporation,SIS,SIS.TO
Scandium International Mining Corp-,SCY,SCY.TO
Seabridge Gold Inc-,SEA,SEA.TO
Secure Energy Services Inc-,SES,SES.TO
Sentry Select Primary Metals Corp-,PME,PME.TO
Senvest Capital Inc-,SEC,SEC.TO
Sernova Corp-,SVA,SVA.TO
Sherritt International Corporation,S,S.TO
Shopify Inc-,SHOP,SHOP.TO
Sienna Senior Living Inc-,SIA,SIA.TO
Sierra Metals Inc-,SMT,SMT.TO
Signal Gold Inc-,SGNL,SGNL.TO
Silver Bear Resources plc,SBR,SBR.TO
"Silver Bull Resources, Inc-",SVB,SVB.TO
Silver Elephant Mining Corp-,ELEF,ELEF.TO
Silvercorp Metals Inc-,SVM,SVM.TO
SilverCrest Metals Inc-,SIL,SIL.TO
Skeena Resources Limited,SKE,SKE.TO
Slate Grocery REIT,SGR-U,SGR-UN.TO
Slate Office REIT,SOT-DB,SOT-UN.TO
Sleep Country Canada Holdings Inc-,ZZZ,ZZZ.TO
SNC-Lavalin Group Inc-,ATRL,ATRL.TO
Softchoice Corporation,SFTC,SFTC.TO
Solaris Resources Inc-,SLS,SLS.TO
SolGold plc,SOLG,SOLG.TO
Solitario Resources Corp-,SLR,SLR.TO
Solution Financial Inc-,SFI,SFI.TO
Source Energy Services Ltd-,SHLE,SHLE.TO
Spartan Delta Corp-,SDE,SDE.TO
Spectral Medical Inc-,EDT,EDT.TO
Spin Master Corp-,TOY,TOY.TO
Sprott Inc-,SII,SII.TO
SSR Mining Inc-,SSRM,SSRM.TO
St- Augustine Gold and Copper Limited,SAU,SAU.TO
Stack Capital Group Inc-,STCK,STCK.TO
StageZero Life Sciences Ltd-,SZLS,SZLS.TO
Stantec Inc-,STN,STN.TO
Star Diamond Corporation,DIAM,DIAM.TO
Starcore International Mines Ltd-,SAM,SAM.TO
Stelco Holdings Inc-,STLC,STLC.TO
Stella-Jones Inc-,SJ,SJ.TO
STEP Energy Services Ltd-,STEP,STEP.TO
Steppe Gold Ltd-,STGO,STGO.TO
Stingray Group Inc-,RAY-A,RAY-A.TO
StorageVault Canada Inc-,SVI,SVI.TO
Strathcona Resources Ltd-,SCR,SCR.TO
Sulliden Mining Capital Inc-,SMC,SMC.TO
Sun Life Financial Inc-,SLF,SLF.TO
Suncor Energy Inc-,SU,SU.TO
"SunOpta, Inc-",SOY,SOY.TO
Superior Plus Corp-,SPB,SPB.TO
Supremex Inc-,SXP,SXP.TO
Surge Energy Inc-,SGY,SGY.TO
Sustainable Power & Infrastructure Split Corp-,PWI,PWI.TO
Swiss Water Decaffeinated Coffee Inc-,SWP,SWP.TO
Sylogist Ltd-,SYZ,SYZ.TO
Synex Renewable Energy Corporation,SXI,SXI.TO
Molson Coors Canada Inc-,TPX-A,TPX-B.TO
PetroTal Corp-,TAL,TAL.TO
Spin Master Corp-,TOY,TOY.TO
Taiga Building Products Ltd-,TBL,TBL.TO
Taiga Motors Corporation,TAIG,TAIG.TO
Talisker Resources Ltd-,TSK,TSK.TO
Talon Metals Corp-,TLO,TLO.TO
Tamarack Valley Energy Ltd-,TVE,TVE.TO
Tantalus Systems Holding Inc-,GRID,GRID.TO
Taseko Mines Limited,TKO,TKO.TO
TC Energy Corporation,TRP,TRP.TO
TDb Split Corp-,XTD,XTD.TO
Teck Resources Limited,TECK-A,TECK-B.TO
TECSYS Inc-,TCS,TCS.TO
Telesat Corporation,TSAT,TSAT.TO
TELUS Corporation,T,T.TO
TELUS International (Cda) Inc-,TIXT,TIXT.TO
Tenaz Energy Corp-,TNZ,TNZ.TO
TeraGo Inc-,TGO,TGO.TO
TerrAscend Corp-,TSND,TSND.TO
TerraVest Industries Inc-,TVK,TVK.TO
TFI International Inc-,TFII,TFII.TO
Theratechnologies Inc-,TH,TH.TO
Thinkific Labs Inc-,THNC,THNC.TO
Thomson Reuters Corporation,TRI,TRI.TO
Tidewater Midstream and Infrastructure Ltd-,TWM,TWM.TO
Tidewater Renewables Ltd-,LCFS,LCFS.TO
Timbercreek Financial Corp-,TF,TF.TO
Titan Medical Inc-,TMD,TMD.TO
Titan Mining Corporation,TI,TI.TO
TMX Group Limited,X,X.TO
Topaz Energy Corp-,TPZ,TPZ.TO
Torex Gold Resources Inc-,TXG,TXG.TO
Toromont Industries Ltd-,TIH,TIH.TO
Toronto-Dominion Bank (The),TD,TD.TO
Total Energy Services Inc-,TOT,TOT.TO
Touchstone Exploration Inc-,TXP,TXP.TO
Tourmaline Oil Corp-,TOU,TOU.TO
TransAlta Corporation,TA,TA.TO
Transat A-T- Inc-,TRZ,TRZ.TO
Transcontinental Inc-,TCL-A,TCL-A.TO
Treasury Metals Inc-,TML,TML.TO
Tree Island Steel Ltd-,TSL,TSL.TO
Trican Well Service Ltd-,TCW,TCW.TO
Tricon Residential Inc-,TCN,TCN.TO
Trilogy Metals Inc-,TMQ,TMQ.TO
Triple Flag Precious Metals Corp-,TFPM,TFPM.TO
Trisura Group Ltd-,TSU,TSU.TO
Troilus Gold Corp-,TLG,TLG.TO
Tucows Inc-,TC,TC.TO
TVA Group Inc-,TVA-B,TVA-B.TO
TWC Enterprises Limited,TWC,TWC.TO
Americas Gold and Silver Corporation,USA,USA.TO
Unisync Corp-,UNI,UNI.TO
United Corporations Limited,UNC,UNC.TO
Ur-Energy Inc-,URE,URE.TO
Uranium Royalty Corp-,URC,URC.TO
Urbana Corporation,URB,URB.TO
US Financial 15 Split Corp-,FTU,FTU.TO
5N Plus Inc-,VNP,VNP.TO
Valeo Pharma Inc-,VPH,VPH.TO
Valeura Energy Inc-,VLE,VLE.TO
Vecima Networks Inc-,VCM,VCM.TO
Velan Inc-,VLN,VLN.TO
Verde Agritech Ltd-,NPK,NPK.TO
Vermilion Energy Inc-,VET,VET.TO
VersaBank,VBNK,VBNK.TO
VerticalScope Holdings Inc-,FORA,FORA.TO
Victoria Gold Corp-,VGCX,VGCX.TO
VIQ Solutions Inc-,VQS,VQS.TO
Vista Gold Corp-,VGZ,VGZ.TO
Vitalhub Corp-,VHI,VHI.TO
VM Hotel Acquisition Corp-,VMH-U,VMH-U.TO
Canopy Growth Corporation,WEED,WEED.TO
George Weston Limited,WN,WN.TO
Wajax Corporation,WJX,WJX.TO
Wall Financial Corporation,WFC,WFC.TO
Wallbridge Mining Company Limited,WM,WM.TO
"Waste Connections, Inc-",WCN,WCN.TO
WELL Health Technologies Corp-,WELL,WELL.TO
Wesdome Gold Mines Ltd-,WDO,WDO.TO
West Fraser Timber Co- Ltd-,WFG,WFG.TO
Western Copper and Gold Corporation,WRN,WRN.TO
Western Energy Services Corp-,WRG,WRG.TO
Western Forest Products Inc-,WEF,WEF.TO
Western Resources Corp-,WRX,WRX.TO
Westport Fuel Systems Inc-,WPRT,WPRT.TO
Westshore Terminals Investment Corporation,WTE,WTE.TO
Wheaton Precious Metals Corp-,WPM,WPM.TO
Whitecap Resources Inc-,WCP,WCP.TO
WildBrain Ltd-,WILD,WILD.TO
Willow Biosciences Inc-,WLLW,WLLW.TO
Wilmington Capital Management Inc-,WCM-A,WCM-B.TO
Winpak Ltd-,WPK,WPK.TO
WonderFi Technologies Inc-,WNDR,WNDR.TO
World Financial Split Corp-,WFS,WFS.TO
WSP Global Inc-,WSP,WSP.TO
Auxly Cannabis Group Inc-,XLY,XLY.TO
Exco Technologies Limited,XTC,XTC.TO
GoldMoney Inc-,XAU,XAU.TO
M Split Corp-,XMF-A,XMF-A.TO
TDb Split Corp-,XTD,XTD.TO
TMX Group Limited,X,X.TO
Xanadu Mines Ltd-,XAM,XAM.TO
Xtra-Gold Resources Corp-,XTG,XTG.TO
Xtract One Technologies Inc-,XTRA,XTRA.TO
Commerce Split Corp-,YCM,YCM-PA.TO
Yangarra Resources Ltd-,YGR,YGR.TO
Yellow Pages Limited,Y,Y.TO
Yorbeau Resources Inc-,YRB,YRB.TO
Sleep Country Canada Holdings Inc-,ZZZ,ZZZ.TO
5N Plus Inc-,VNP,VNP.TO
First National Financial Corporation,FN,FN.TO
