Ticker,Company,Sector,Revenue_2022,Revenue_2021,Revenue_2020
AAB.TO,Aberdeen International Inc.,Financial Services,-8.762676000000001e-12,9.139535999999999e-12,5.6284919999999995e-12
ADN.TO,Acadian Timber Corp.,Basic Materials,9.0473e-11,9.5729e-11,9.1031e-11
ACD.TO,Accord Financial Corp.,Financial Services,4.3403627e-11,4.7593755000000003e-11,3.3904916e-11
ARA.TO,Aclara Resources Inc.,Basic Materials,0.0,0.0,0.0
ADCO.TO,Adcore Inc.,Technology,1.9693000000000002e-11,2.7966e-11,1.6997e-11
ADEN.TO,ADENTRA Inc.,Industrials,2.579568e-09,1.616199e-09,9.284379999999999e-10
DRX.TO,ADF Group Inc.,Industrials,2.5089e-10,2.8074e-10,1.72593e-10
AAV.TO,Advantage Energy Ltd.,Energy,9.64366e-10,4.92035e-10,2.4508500000000004e-10
ARE.TO,Aecon Group Inc.,Industrials,4.69645e-09,3.977322e-09,3.643618e-09
AEG.TO,Aegis Brands Inc.,Consumer Cyclical,1.5159e-11,1.0875999999999998e-11,9.428e-12
AEZS.TO,Aeterna Zentaris Inc.,Healthcare,5.639999999999999e-12,5.26e-12,3.652e-12
AOI.TO,Africa Oil Corp.,Energy,0.0,0.0,0.0
AFN.TO,Ag Growth International Inc.,Industrials,1.458082e-09,1.198523e-09,1.00013e-09
AGF-B.TO,AGF Management Limited,Financial Services,4.4606400000000004e-10,4.4543499999999997e-10,4.46961e-10
AEM.TO,Agnico Eagle Mines Limited,Basic Materials,5.741162e-09,3.869625e-09,3.1381129999999997e-09
AIM.TO,Aimia Inc.,Financial Services,4.765e-10,1.26e-11,1.43e-11
AC.TO,Air Canada,Industrials,1.6556000000000003e-08,6.4e-09,5.833e-09
BOS.TO,AirBoss of America Corp.,Basic Materials,4.77155e-10,5.86858e-10,5.015720000000001e-10
AKT-A.TO,AKITA Drilling Ltd.,Energy,2.00996e-10,1.1008799999999999e-10,1.1966399999999999e-10
AKU.TO,Akumin Inc.,Healthcare,7.496309999999999e-10,4.21079e-10,2.45626e-10
AGI.TO,Alamos Gold Inc.,Basic Materials,8.212e-10,8.236e-10,7.481e-10
ALC.TO,Algoma Central Corporation,Industrials,6.77942e-10,5.98873e-10,5.4566e-10
ASTL.TO,Algoma Steel Group Inc.,Basic Materials,2.7785000000000003e-09,3.806e-09,1.7949e-09
AQN.TO,Algonquin Power & Utilities Corp.,Utilities,2.765155e-09,2.274142e-09,1.6769910000000001e-09
ATD.TO,Alimentation Couche-Tard Inc.,Consumer Cyclical,7.185669999999999e-08,6.28099e-08,4.57601e-08
ALYA.TO,Alithya Group Inc.,Technology,5.22701e-10,4.37885e-10,2.87643e-10
AAUC.TO,Allied Gold Corporation,Basic Materials,,,
AMM.TO,Almaden Minerals Ltd.,Basic Materials,0.0,0.0,0.0
AII.TO,Almonty Industries Inc.,Basic Materials,2.4796e-11,2.0847e-11,2.5095e-11
ATCU.TO,Alta Copper Corp.,Basic Materials,0.0,0.0,0.0
ALA.TO,AltaGas Ltd.,Energy,1.4087e-08,1.0573000000000001e-08,5.587e-09
ALS.TO,Altius Minerals Corporation,Basic Materials,1.01958e-10,8.120999999999998e-11,5.9987e-11
ARR.TO,Altius Renewable Royalties Corp.,Utilities,7.814e-13,8.16e-14,1.656e-13
AIF.TO,Altus Group Limited,Real Estate,7.35451e-10,6.253869999999999e-10,5.611559999999999e-10
HOT-UN.TO,American Hotel Income Properties REIT LP,Real Estate,2.81367e-10,2.41307e-10,1.74855e-10
USA.TO,Americas Gold and Silver Corporation,Basic Materials,8.5016e-11,4.5051e-11,2.7883e-11
ARG.TO,Amerigo Resources Ltd.,Basic Materials,2.64192e-10,3.00577e-10,1.78379e-10
ANRG.TO,Anaergia Inc.,Industrials,1.62853e-10,1.2987299999999999e-10,1.28042e-10
AND.TO,Andlauer Healthcare Group Inc.,Industrials,6.484229999999999e-10,4.40115e-10,3.1433999999999997e-10
ADW-A.TO,Andrew Peller Limited,Consumer Defensive,3.8214e-10,3.7394400000000004e-10,3.93036e-10
ATE.TO,Antibe Therapeutics Inc.,Healthcare,0.0,0.0,0.0
APLI.TO,Appili Therapeutics Inc.,Healthcare,3.3417700000000003e-13,1.390684e-12,0.0
APS.TO,Aptose Biosciences Inc.,Healthcare,0.0,0.0,0.0
ARX.TO,ARC Resources Ltd.,Energy,9.8504e-09,5.5115e-09,1.1732e-09
AR.TO,Argonaut Gold Inc.,Basic Materials,3.88341e-10,4.36911e-10,3.1969200000000003e-10
ARIS.TO,Aris Mining Corporation,Basic Materials,3.99963e-10,3.82611e-10,3.90921e-10
ATZ.TO,Aritzia Inc.,Consumer Cyclical,2.19563e-09,1.49463e-09,8.57323e-10
AMC.TO,Arizona Metals Corp.,Basic Materials,0.0,0.0,0.0
ASCU.TO,Arizona Sonoran Copper Company Inc.,Basic Materials,0.0,0.0,0.0
ACAA.TO,Arrow Canadian Advantage Alternative Class,Exchange Traded Fund,,,
ASND.TO,Ascendant Resources Inc.,Basic Materials,0.0,0.0,0.0
AOT.TO,Ascot Resources Ltd.,Basic Materials,0.0,0.0,0.0
ACO-X.TO,ATCO Ltd.,Utilities,4.978e-09,4.289e-09,3.944e-09
ATH.TO,Athabasca Oil Corporation,Energy,1.504685e-09,1.016323e-09,4.6464800000000003e-10
AI.TO,Atrium Mortgage Investment Corporation,Financial Services,5.0126000000000004e-11,4.4464e-11,4.4358e-11
ATS.TO,ATS Corporation,Industrials,2.5773839999999997e-09,2.1827170000000004e-09,1.4300519999999999e-09
G.TO,Augusta Gold Corp.,Basic Materials,0.0,0.0,0.0
ORA.TO,Aura Minerals Inc.,Basic Materials,3.92699e-10,4.24006e-10,2.9987400000000005e-10
ACB.TO,Aurora Cannabis Inc.,Healthcare,2.21339e-10,2.45252e-10,2.68703e-10
ACQ.TO,AutoCanada Inc.,Consumer Cyclical,6.0406189999999994e-09,4.653415e-09,3.3294940000000003e-09
XLY.TO,Auxly Cannabis Group Inc.,Healthcare,9.4472e-11,8.3829e-11,4.6719000000000006e-11
AVNT.TO,Avant Brands Inc.,Healthcare,2.0149e-11,9.499e-12,7.907e-12
AVCN.TO,Avicanna Inc.,Healthcare,4.0478810000000005e-12,3.2689059999999998e-12,1.5700599999999999e-12
ASM.TO,Avino Silver & Gold Mines Ltd.,Basic Materials,4.4187e-11,1.1228e-11,1.6022e-11
AXIS.TO,Axis Auto Finance Inc.,Financial Services,4.0595207e-11,4.0163348999999995e-11,3.8368588000000005e-11
AYA.TO,Aya Gold & Silver Inc.,Basic Materials,3.8244921e-11,3.4301913999999994e-11,1.3822709e-11
ABX.TO,Barrick Gold Corporation,Basic Materials,1.1013e-08,1.1985000000000001e-08,1.2595e-08
AUMN.TO,Golden Minerals Company,Basic Materials,2.3285e-11,2.5596e-11,5.6369999999999995e-12
AIDX.TO,Healwell AI Inc.,Healthcare,5.3222e-11,4.7817e-11,3.8572999999999996e-11
ATRL.TO,SNC-Lavalin Group Inc.,Industrials,7.549031e-09,7.371252e-09,7.007501e-09
BTO.TO,B2Gold Corp.,Basic Materials,1.73259e-09,1.762264e-09,1.7889280000000001e-09
BDGI.TO,Badger Infrastructure Solutions Ltd.,Industrials,5.708119999999999e-10,4.5391000000000004e-10,4.3808384830139e-10
BLDP.TO,Ballard Power Systems Inc.,Industrials,8.378600000000001e-11,1.0450499999999999e-10,1.03877e-10
BMO.TO,Bank of Montreal,Financial Services,3.3055e-08,2.6259e-08,2.6909e-08
BNS.TO,The Bank of Nova Scotia,Financial Services,3.1787000000000005e-08,3.1509e-08,3.0913e-08
BLCO.TO,Bausch + Lomb Corporation,Healthcare,3.768e-09,3.765e-09,3.4120000000000002e-09
BHC.TO,Bausch Health Companies Inc.,Healthcare,8.123999999999999e-09,8.434000000000001e-09,8.027e-09
BYL.TO,Baylin Technologies Inc.,Technology,1.2086e-10,1.02494e-10,1.19739e-10
BTE.TO,Baytex Energy Corp.,Energy,2.889045e-09,1.868195e-09,9.75477e-10
BCE.TO,BCE Inc.,Communication Services,2.4174000000000002e-08,2.3449e-08,2.2883e-08
BEK-B.TO,The Becker Milk Company Limited,Real Estate,2.7120929999999997e-12,2.630175e-12,3.02497e-12
BSX.TO,Belo Sun Mining Corp,Basic Materials,0.0,0.0,0.0
BNG.TO,Bengal Energy Ltd.,Energy,8.149e-12,7.649999999999999e-12,5.2340000000000005e-12
BNK.TO,Big Banc Split Corp.,Financial Services,-3.9607699999999995e-12,1.3358397000000002e-11,7.44092e-12
PRM.TO,Big Pharma Split Corp.,Financial Services,3.7106439999999995e-12,5.359368e-12,5.89257e-13
BR.TO,Big Rock Brewery Inc.,Consumer Defensive,4.7098e-11,4.5982000000000003e-11,4.3984e-11
BIK-PA.TO,Bip Investment Corporation,Financial Services,,,
BIR.TO,Birchcliff Energy Ltd.,Energy,1.3589860000000003e-09,9.53128e-10,5.421920000000001e-10
BDT.TO,Bird Construction Inc.,Industrials,2.377549e-09,2.220026e-09,1.504432e-09
BITF.TO,Bitfarms Ltd.,Financial Services,1.42428e-10,1.69491e-10,3.4703e-11
BDI.TO,Black Diamond Group Limited,Industrials,3.24544e-10,3.3955e-10,1.79857e-10
BKI.TO,Black Iron Inc.,Basic Materials,0.0,0.0,0.0
BB.TO,BlackBerry Limited,Technology,6.56e-10,7.18e-10,8.93e-10
BLN.TO,Blackline Safety Corp.,Technology,1.00006e-10,7.2931e-11,5.4311999999999996e-11
GBT.TO,BMTC Group Inc.,Consumer Cyclical,7.17972e-10,8.194450000000001e-10,6.490560000000001e-10
BRMI.TO,Boat Rocker Media Inc.,Communication Services,3.04281e-10,5.80369e-10,2.26803e-10
BBD-B.TO,Bombardier Inc.,Industrials,6.913e-09,6.085e-09,6.487e-09
BNE.TO,Bonterra Energy Corp.,Energy,3.84197e-10,2.51616e-10,1.21642e-10
BLX.TO,Boralex Inc.,Utilities,8.36e-10,6.91e-10,6.33e-10
BYD.TO,Boyd Group Services Inc.,Consumer Cyclical,2.4323180000000003e-09,1.87267e-09,1.561224e-09
BRAG.TO,Bragg Gaming Group Inc.,Communication Services,8.4734e-11,5.8319e-11,4.6421e-11
BRY.TO,Bri-Chem Corp.,Energy,1.0451323e-10,6.0404605e-11,4.5155719e-11
BCT.TO,BriaCell Therapeutics Corp.,Healthcare,0.0,0.0,0.0
BRE.TO,Bridgemarq Real Estate Services Inc.,Real Estate,4.9871000000000007e-11,5.0201999999999996e-11,4.0339000000000004e-11
LCS.TO,Brompton Lifeco Split Corp.,Financial Services,-4.723341e-12,1.8774868000000002e-11,-1.3578911e-11
SBC.TO,Brompton Split Banc Corp.,Financial Services,-4.1687627e-11,1.01560748e-10,9.96714e-12
BAM.TO,Brookfield Asset Management Ltd.,Financial Services,0.0,2.7880000000000003e-09,2.2509999999999998e-09
BBUC.TO,Brookfield Business Corporation,Financial Services,1.0598e-08,9.649e-09,9.606e-09
BBU-UN.TO,Brookfield Business Partners L.P.,Industrials,5.7545e-08,4.6587000000000005e-08,3.7635e-08
BN.TO,Brookfield Corporation,Financial Services,9.2769e-08,7.5731e-08,6.2752e-08
BIPC.TO,Brookfield Infrastructure Corporation,Utilities,1.886e-09,1.643e-09,1.43e-09
BIP-UN.TO,Brookfield Infrastructure Partners L.P.,Utilities,1.4427e-08,1.1537000000000001e-08,8.885e-09
BPO-PX.TO,Brookfield Office Properties Inc.,Real Estate,,,
BPYPP,Brookfield Property Partners L.P.,Real Estate,7.365e-09,7.100000000000001e-09,6.593e-09
BNRE,Brookfield Reinsurance Ltd.,Financial Services,5.101e-09,7.241e-09,5.14e-10
BEPC.TO,Brookfield Renewable Corporation,Utilities,3.778e-09,3.367e-09,3.0869999999999998e-09
BEP-UN.TO,Brookfield Renewable Partners L.P.,Utilities,4.711e-09,4.096e-09,3.81e-09
BRF-PA.TO,Brookfield Renewable Power Preferred Equity Inc.,Utilities,4.711e-09,4.096e-09,3.81e-09
DOO.TO,BRP Inc.,Consumer Cyclical,1.00334e-08,7.6479e-09,5.9529e-09
BU.TO,Burcon NutraScience Corporation,Consumer Defensive,3.6391300000000003e-13,1.7147100000000002e-13,2.58646e-13
BK.TO,Canadian Banc Corp.,Financial Services,4.316201e-12,6.2628462e-11,-1.2674670000000001e-11
BABY.TO,Else Nutrition Holdings Inc.,Consumer Defensive,8.527e-12,4.6870000000000005e-12,1.482e-12
CAE.TO,CAE Inc.,Industrials,4.2033e-09,3.3713e-09,2.9819e-09
CWL.TO,The Caldwell Partners International Inc.,Industrials,1.56165e-10,1.19766e-10,5.8192999999999995e-11
CFW.TO,Calfrac Well Services Ltd.,Energy,1.4992200000000001e-09,8.80249e-10,7.054360000000001e-10
CGY.TO,Calian Group Ltd.,Industrials,6.58583e-10,5.821720000000001e-10,5.18404e-10
CXB.TO,Calibre Mining Corp.,Basic Materials,4.03072e-10,3.28132e-10,2.42748e-10
CCO.TO,Cameco Corporation,Energy,1.868003e-09,1.4749839999999998e-09,1.800073e-09
CF.TO,Canaccord Genuity Group Inc.,Financial Services,1.510397e-09,2.046002e-09,2.007688e-09
CNE.TO,Canacol Energy Ltd,Energy,3.3571100000000003e-10,3.10544e-10,2.78805e-10
GOOS.TO,Canada Goose Holdings Inc.,Consumer Cyclical,1.217e-09,1.0984e-09,9.037e-10
CGI.TO,Canadian General Investments Ord,Financial Services,-2.52047e-10,2.67863e-10,2.9439e-10
CM.TO,Canadian Imperial Bank of Commerce,Financial Services,2.3290000000000002e-08,2.1764e-08,1.9959999999999998e-08
LFE.TO,Canadian Life Companies Split Corp.,Financial Services,4.009728e-12,2.7592246e-11,-2.1178075000000002e-11
CNR.TO,Canadian National Railway Company,Industrials,1.6828e-08,1.7107000000000002e-08,1.4477e-08
CNQ.TO,Canadian Natural Resources Limited,Energy,4.953e-08,3.2854000000000004e-08,1.7491e-08
CP.TO,Canadian Pacific Kansas City Limited,Industrials,8.814e-09,7.995e-09,7.71e-09
CTC-A.TO,"Canadian Tire Corporation, Limited",Consumer Cyclical,1.7810599999999998e-08,1.62921e-08,1.4871000000000001e-08
CU.TO,Canadian Utilities Limited,Utilities,4.048e-09,3.515e-09,3.2330000000000003e-09
CWB.TO,Canadian Western Bank,Financial Services,1.112574e-09,1.076287e-09,1.016033e-09
CCM.TO,Canagold Resources Ltd.,Basic Materials,0.0,0.0,0.0
CFP.TO,Canfor Corporation,Basic Materials,7.4267e-09,7.6849e-09,5.4544e-09
CFX.TO,Canfor Pulp Products Inc.,Basic Materials,1.0855999999999998e-09,1.1449e-09,9.905e-10
ICE.TO,Canlan Ice Sports Corp.,Consumer Cyclical,7.3728e-11,4.0392999999999996e-11,3.9259e-11
WEED.TO,Canopy Growth Corporation,Healthcare,4.02904e-10,5.10321e-10,5.46649e-10
CPX.TO,Capital Power Corporation,Utilities,2.799e-09,1.8569999999999999e-09,1.881e-09
CS.TO,Capstone Copper Corp.,Basic Materials,1.2960239999999999e-09,7.947689999999999e-10,4.5376299999999997e-10
CJ.TO,Cardinal Energy Ltd.,Energy,7.4184e-10,4.48755e-10,2.26455e-10
CRDL.TO,Cardiol Therapeutics Inc.,Healthcare,0.0,7.876e-14,0.0
CRRX.TO,CareRx Corporation,Healthcare,3.81727e-10,2.6262999999999995e-10,1.62196e-10
CJT.TO,Cargojet Inc.,Industrials,9.798999999999999e-10,7.578e-10,6.685e-10
CUP-U.TO,"Caribbean Utilities Company, Ltd.",Utilities,2.67336e-10,1.98478e-10,1.7744999999999997e-10
CAS.TO,Cascades Inc.,Consumer Cyclical,4.466e-09,3.956e-09,4.105e-09
CET.TO,Cathedral Energy Services Ltd.,Energy,2.98401e-10,6.2524e-11,4.0574e-11
CCL-B.TO,CCL Industries Inc.,Consumer Cyclical,6.3822000000000006e-09,5.732800000000001e-09,5.2423e-09
CLS.TO,Celestica Inc.,Technology,7.25e-09,5.634699999999999e-09,5.748100000000001e-09
CVE.TO,Cenovus Energy Inc.,Energy,7.1765e-08,4.8811e-08,1.3914e-08
CEE.TO,Centamin plc,Basic Materials,7.88424e-10,7.333060000000001e-10,8.287369999999999e-10
CG.TO,Centerra Gold Inc.,Basic Materials,8.50194e-10,9.00141e-10,7.21262e-10
CNT.TO,Century Global Commodities Corporation,Consumer Defensive,1.1258530000000001e-11,8.718427999999999e-12,8.802892e-12
CRP.TO,Ceres Global Ag Corp.,Consumer Defensive,1.0367029999999999e-09,1.060941e-09,7.482039999999999e-10
CDAY.TO,Dayforce Inc.,Technology,1.2462e-09,1.0242e-09,8.425e-10
CEU.TO,CES Energy Solutions Corp.,Energy,1.922319e-09,1.19642e-09,8.88047e-10
GIB-A.TO,CGI Inc.,Technology,1.4296360000000002e-08,1.2867200999999998e-08,1.2126793e-08
CIA.TO,Champion Iron Limited,Basic Materials,1.395088e-09,1.460806e-09,1.2818149999999999e-09
CWEB.TO,"Charlotte's Web Holdings, Inc.",Healthcare,7.413899999999999e-11,9.6092e-11,9.5226e-11
CSH-UN.TO,Chartwell Retirement Residences,Real Estate,7.068010000000001e-10,6.76355e-10,9.24715e-10
CHW.TO,Chesswood Group Limited,Financial Services,2.0152199999999998e-10,1.0742200000000001e-10,8.889400000000001e-11
CGG.TO,China Gold International Resources Corp. Ltd.,Basic Materials,1.104949e-09,1.137356e-09,8.640320000000001e-10
CHR.TO,Chorus Aviation Inc.,Industrials,1.595804e-09,1.0232749999999999e-09,9.487210000000001e-10
CIX.TO,CI Financial Corp.,Financial Services,2.426343e-09,2.1696289999999998e-09,2.052784e-09
CGAA.TO,CI Global Asset Allocation Private Pool ETF,Exchange Traded Fund,,,
CINF.TO,CI Global Infrastructure Private Pool,Exchange Traded Fund,,,
CGRA.TO,CI Global Real Asset Private Pool,Exchange Traded Fund,,,
CGRE.TO,CI Global REIT Private Pool,Exchange Traded Fund,,,
CCRE.TO,CIBC Core Fixed Income Pool,Exchange Traded Fund,,,
CGX.TO,Cineplex Inc.,Communication Services,1.268562e-09,6.566690000000001e-10,4.18263e-10
CPH.TO,Cipher Pharmaceuticals Inc.,Healthcare,2.0675000000000002e-11,2.1943e-11,2.1606999999999997e-11
CVG.TO,Clairvest Group Inc.,Financial Services,1.3176e-10,4.2035199999999997e-10,1.8123500000000002e-10
CKI.TO,Clarke Inc.,Consumer Cyclical,5.9966e-11,6.0017e-11,2.0056e-11
CCA.TO,Cogeco Communications Inc.,Communication Services,2.984128e-09,2.900654e-09,2.5104530000000003e-09
GCL.TO,Colabor Group Inc.,Consumer Defensive,5.74071e-10,4.77004e-10,4.61319e-10
CNL.TO,Collective Mining Ltd.,Basic Materials,0.0,0.0,0.0
CIGI.TO,Colliers International Group Inc.,Real Estate,4.459487e-09,4.089128999999999e-09,2.786857e-09
CMG.TO,Computer Modelling Group Ltd.,Technology,7.3846e-11,6.6202e-11,6.7363e-11
CDR.TO,Condor Energies Inc.,Energy,3.6070000000000003e-12,8.830000000000001e-13,2.7799999999999995e-12
COG.TO,Condor Gold Plc,Basic Materials,0.0,0.0,0.0
CFF.TO,Conifex Timber Inc.,Basic Materials,2.3126679999999998e-10,2.505334e-10,1.287108e-10
CSU.TO,Constellation Software Inc.,Technology,6.6220000000000005e-09,5.107000000000001e-09,3.969000000000001e-09
CTS.TO,Converge Technology Solutions Corp.,Technology,2.164647e-09,1.329737e-09,9.48799e-10
CPLF.TO,Copperleaf Technologies Inc.,Technology,7.3385e-11,6.9283e-11,4.4519741000000004e-11
CSW-A.TO,Corby Spirit and Wine Limited,Consumer Defensive,1.62955e-10,1.59393e-10,1.59778e-10
CJR-B.TO,Corus Entertainment Inc.,Communication Services,1.51124e-09,1.598586e-09,1.543483e-09
CVO.TO,Coveo Solutions Inc.,Technology,1.1200199999999999e-10,8.6488e-11,6.485700000000001e-11
CPG.TO,Crescent Point Energy Corp.,Energy,3.993e-09,2.8294e-09,1.488e-09
CTX.TO,Crescita Therapeutics Inc.,Healthcare,2.3525e-11,1.6769e-11,1.564e-11
CR.TO,Crew Energy Inc.,Energy,6.079020000000001e-10,3.41206e-10,1.39457e-10
CRON.TO,Cronos Group Inc.,Healthcare,9.1904e-11,7.4435e-11,4.6719000000000006e-11
CRWN.TO,Crown Capital Partners Inc.,Financial Services,3.9306e-11,4.1936e-11,3.849900000000001e-11
CURA.TO,"Curaleaf Holdings, Inc.",Healthcare,1.3363420000000002e-09,1.1959900000000001e-09,6.26637e-10
CXI.TO,"Currency Exchange International, Corp.",Financial Services,8.195476899999999e-11,6.749867299999999e-11,3.056566e-11
CYB.TO,Cymbria Corporation,Financial Services,-9.008700000000001e-11,2.92926e-10,-1.7557e-11
DBO.TO,D-BOX Technologies Inc.,Technology,3.4122000000000005e-11,2.1313e-11,1.108e-11
DCM.TO,DATA Communications Management Corp.,Industrials,2.73804e-10,2.35331e-10,2.5931400000000004e-10
DFY.TO,Definity Financial Corporation,Financial Services,3.2476999999999994e-09,2.9178000000000004e-09,2.6963e-09
DN.TO,Delta 9 Cannabis Inc.,Healthcare,6.3228271e-11,6.2291436e-11,5.2047052999999996e-11
DML.TO,Denison Mines Corp.,Energy,1.6945000000000003e-11,2.0000000000000002e-11,1.4423e-11
DNTL.TO,dentalcorp Holdings Ltd.,Healthcare,1.2503e-09,1.0308e-09,6.662e-10
DSG.TO,The Descartes Systems Group Inc.,Technology,4.86014e-10,4.2468999999999996e-10,3.48664e-10
DXT.TO,Dexterra Group Inc.,Industrials,9.71517e-10,7.333799999999999e-10,4.77815e-10
DRT.TO,DIRTT Environmental Solutions Ltd.,Industrials,1.7216099999999999e-10,1.4759299999999998e-10,1.7150699999999998e-10
DSV.TO,Discovery Silver Corp.,Basic Materials,0.0,0.0,0.0
DIV.TO,Diversified Royalty Corp.,Industrials,4.5183e-11,3.7280999999999995e-11,3.0495999999999996e-11
DFN.TO,Dividend 15 Split Corp.,Financial Services,6.303046299999999e-11,2.3754019e-10,-6.3194188e-11
DF.TO,Dividend 15 Split Corp. II,Financial Services,9.97376e-12,4.4940049e-11,-1.4587934e-11
DGS.TO,Dividend Growth Split Corp.,Financial Services,-8.188468e-12,1.35028434e-10,-1.5358373e-11
DS.TO,Dividend Select 15 Corp.,Financial Services,1.024166e-12,1.1724726e-11,-4.352237e-12
DCBO.TO,Docebo Inc.,Technology,1.42912e-10,1.0424200000000001e-10,6.291700000000001e-11
DOL.TO,Dollarama Inc.,Consumer Defensive,5.052741e-09,4.330761000000001e-09,4.026259e-09
DBM.TO,Doman Building Materials Group Ltd.,Industrials,3.0390169999999996e-09,2.543674e-09,1.6138040000000002e-09
DLCG.TO,Dominion Lending Centres Inc.,Financial Services,7.072e-11,7.8816e-11,5.2412999999999996e-11
DII-B.TO,Dorel Industries Inc.,Consumer Cyclical,1.570274e-09,1.7587049999999999e-09,1.717702e-09
DRM.TO,Dream Unlimited Corp.,Real Estate,3.43768e-10,3.25922e-10,3.4762299999999996e-10
DC-A.TO,Dundee Corporation,Basic Materials,8.654000000000001e-12,1.1598000000000001e-11,1.8009e-11
DPM.TO,Dundee Precious Metals Inc.,Basic Materials,5.69795e-10,6.41443e-10,6.09558e-10
DND.TO,Dye & Durham Limited,Technology,4.51105e-10,4.74808e-10,2.08945e-10
DYA.TO,dynaCERT Inc.,Industrials,1.1490610000000001e-12,7.570019999999999e-13,4.676100000000001e-13
DNG.TO,Dynacor Group Inc.,Basic Materials,1.9754530899999998e-10,1.9590629799999997e-10,1.01532815e-10
DR.TO,Medical Facilities Corporation,Healthcare,4.24551e-10,3.9863299999999997e-10,3.6385399999999997e-10
DIAM.TO,Star Diamond Corporation,Basic Materials,0.0,0.0,0.0
ENS.TO,E Split Corp.,Financial Services,5.070331e-11,4.1638818e-11,-1.2195857999999999e-11
ELF.TO,E-L Financial Corporation Limited,Financial Services,-7.06984e-10,2.323627e-09,2.5648989999999998e-09
ELR.TO,Eastern Platinum Limited,Basic Materials,4.9834000000000006e-11,6.8198e-11,5.6143e-11
ECN.TO,ECN Capital Corp.,Financial Services,1.9667099999999999e-10,1.19743e-10,1.46623e-10
ECRAF,Ecora Resources PLC,Basic Materials,1.4187e-10,8.5295e-11,4.365400000000001e-11
ECO.TO,EcoSynthetix Inc.,Basic Materials,1.9034526e-11,1.8161891e-11,1.3662711e-11
ELD.TO,Eldorado Gold Corporation,Basic Materials,8.71461e-10,9.43474e-10,1.0266849999999997e-09
EFN.TO,Element Fleet Management Corp.,Industrials,1.9598179999999997e-09,1.662486e-09,1.77032e-09
ELO.TO,Eloro Resources Ltd.,Basic Materials,0.0,0.0,0.0
EMA.TO,Emera Incorporated,Utilities,7.588e-09,5.765e-09,5.506e-09
EMP-A.TO,Empire Company Limited,Consumer Defensive,3.0478099999999995e-08,3.0162400000000004e-08,2.82683e-08
ENB.TO,Enbridge Inc.,Energy,5.3309000000000004e-08,4.7071e-08,3.9087e-08
EDV.TO,Endeavour Mining plc,Basic Materials,2.5081e-09,2.6421000000000002e-09,1.4241e-09
EDR.TO,Endeavour Silver Corp.,Basic Materials,2.1016e-10,1.6532e-10,1.3846100000000001e-10
EFX.TO,Enerflex Ltd.,Energy,1.777798e-09,9.601559999999999e-10,1.2170519999999999e-09
EFR.TO,Energy Fuels Inc.,Energy,1.2515000000000002e-11,3.184e-12,1.6579999999999998e-12
ERF.TO,Enerplus Corporation,Energy,2.3533739999999997e-09,1.4825750000000001e-09,6.465909999999999e-10
ENGH.TO,Enghouse Systems Limited,Technology,4.54022e-10,4.27585e-10,4.67177e-10
ESI.TO,Ensign Energy Services Inc.,Energy,1.5773289999999999e-09,9.955940000000001e-10,9.36818e-10
E.TO,"Enterprise Group, Inc.",Energy,2.6892249e-11,1.8732335e-11,1.5520104999999998e-11
EGLX.TO,Enthusiast Gaming Holdings Inc.,Communication Services,2.02835921e-10,1.67364286e-10,7.2758717e-11
ETG.TO,Entrée Resources Ltd.,Basic Materials,0.0,0.0,0.0
EQB.TO,EQB Inc.,Financial Services,7.82186e-10,6.429070000000001e-10,5.56833e-10
EQX.TO,Equinox Gold Corp.,Basic Materials,9.52196e-10,1.082286e-09,8.453880000000001e-10
ERD.TO,Erdene Resource Development Corporation,Basic Materials,0.0,0.0,0.0
ERO.TO,Ero Copper Corp.,Basic Materials,4.26392e-10,4.899150000000001e-10,3.24076e-10
EPRX.TO,Eupraxia Pharmaceuticals Inc.,Healthcare,0.0,0.0,0.0
ESM.TO,Euro Sun Mining Inc.,Basic Materials,0.0,0.0,0.0
ET.TO,Evertz Technologies Limited,Technology,4.54578e-10,4.41016e-10,3.42888e-10
EXN.TO,Excellon Resources Inc.,Basic Materials,2.5824000000000003e-11,3.7955e-11,2.6202000000000002e-11
MIN.TO,Excelsior Mining Corp.,Basic Materials,4.177999999999999e-12,5.033000000000001e-12,0.0
EIF.TO,Exchange Income Corporation,Industrials,2.0593730000000002e-09,1.413146e-09,1.149629e-09
XTC.TO,Exco Technologies Limited,Consumer Cyclical,6.193029999999999e-10,4.89943e-10,4.61171e-10
EXRO.TO,Exro Technologies Inc.,Industrials,2.1854479999999998e-12,0.0,0.0
EXE.TO,Extendicare Inc.,Healthcare,1.221577e-09,1.166987e-09,1.1035440000000001e-09
ELEF.TO,Silver Elephant Mining Corp.,Basic Materials,0.0,0.0,0.0
EDT.TO,Spectral Medical Inc.,Healthcare,1.667e-12,1.996e-12,2.101e-12
FFH.TO,Fairfax Financial Holdings Limited,Financial Services,2.5815599999999996e-08,2.5801900000000003e-08,1.98605e-08
FIH-U.TO,Fairfax India Holdings Corporation,Financial Services,2.0996600000000002e-10,5.422630000000001e-10,-2.9202000000000004e-11
FANS.TO,FansUnite Entertainment Inc.,Consumer Cyclical,2.7300999999999998e-11,5.6029999999999995e-12,1.5580899999999999e-12
FDY.TO,Faraday Copper Corp.,Basic Materials,0.0,0.0,0.0
FDGE.TO,Farmers Edge Inc.,Technology,3.2771e-11,3.6172e-11,4.588e-11
FENC,Fennec Pharmaceuticals Inc.,Healthcare,1.5349999999999998e-12,0.0,1.7e-13
FSZ.TO,Fiera Capital Corporation,Financial Services,6.648920000000001e-10,7.378490000000001e-10,6.89475e-10
FIL.TO,Filo Corp.,Basic Materials,0.0,0.0,0.0
FTN.TO,Financial 15 Split Corp.,Financial Services,-2.5799479999999998e-12,1.1567335099999999e-10,-8.555306799999999e-11
FTT.TO,Finning International Inc.,Industrials,9.279000000000002e-09,7.294e-09,6.1960000000000005e-09
FTG.TO,Firan Technology Group Corporation,Industrials,8.962399999999999e-11,7.9365e-11,1.02435e-10
FC.TO,Firm Capital Mortgage Investment Corporation,Financial Services,4.3150276e-11,3.4210503000000003e-11,3.3639684000000005e-11
FR.TO,First Majestic Silver Corp.,Basic Materials,6.2685e-10,5.87225e-10,3.66676e-10
FF.TO,First Mining Gold Corp.,Basic Materials,0.0,0.0,0.0
FN.TO,First National Financial Corporation,Financial Services,5.256989999999999e-10,4.928070000000001e-10,4.59868e-10
FM.TO,First Quantum Minerals Ltd.,Basic Materials,7.626e-09,7.2119999999999995e-09,5.07e-09
FSV.TO,FirstService Corporation,Real Estate,3.745835e-09,3.249072e-09,2.772415e-09
FCU.TO,Fission Uranium Corp.,Energy,0.0,0.0,0.0
FLNT.TO,Flint Corp.,Energy,6.04673e-10,3.89402e-10,3.93121e-10
FLOW.TO,Flow Beverage Corp.,Consumer Defensive,4.6675139000000006e-11,4.7120185000000005e-11,4.2697547e-11
FAR.TO,Foraco International SA,Basic Materials,3.30555e-10,2.69689e-10,2.0712200000000002e-10
FOM.TO,Foran Mining Corporation,Basic Materials,0.0,0.0,0.0
FSY.TO,Forsys Metals Corp.,Basic Materials,0.0,0.0,0.0
FTS.TO,Fortis Inc.,Utilities,1.1043e-08,9.448e-09,8.935e-09
FVI.TO,Fortuna Silver Mines Inc.,Basic Materials,6.81491e-10,5.998529999999999e-10,2.7896600000000004e-10
FT.TO,Fortune Minerals Limited,Basic Materials,0.0,0.0,0.0
FORZ.TO,Forza Petroleum Limited,Energy,3.23769e-10,1.87796e-10,8.1956e-11
FNV.TO,Franco-Nevada Corporation,Basic Materials,1.3157e-09,1.2999999999999999e-09,1.0202e-09
FVL.TO,Freegold Ventures Limited,Basic Materials,0.0,0.0,0.0
FRU.TO,Freehold Royalties Ltd.,Energy,3.9302e-10,2.0899199999999999e-10,8.9958e-11
FEC.TO,Frontera Energy Corporation,Energy,1.3654670000000001e-09,9.266330000000001e-10,6.58194e-10
FURY.TO,Fury Gold Mines Limited,Basic Materials,0.0,0.0,0.0
FOOD.TO,Goodfood Market Corp.,Consumer Cyclical,1.68558e-10,2.68586e-10,3.79234e-10
FFN.TO,North American Financial 15 Split Corp.,Financial Services,-3.816254e-12,8.9902078e-11,-3.812389e-11
FTU.TO,US Financial 15 Split Corp,Financial Services,-3.16309e-13,4.6457220000000005e-12,-2.099818e-12
FORA.TO,VerticalScope Holdings Inc.,Communication Services,8.0488146e-11,6.5761629e-11,5.6923265e-11
GLXY.TO,Galaxy Digital Holdings Ltd.,Financial Services,0.0,0.0,0.0
GAU.TO,Galiano Gold Inc.,Basic Materials,0.0,0.0,0.0
GH.TO,Gamehost Inc.,Consumer Cyclical,6.97e-11,3.33e-11,3.46e-11
GAMGF,Gamelancer Media Corp.,Communication Services,3.5642109999999996e-12,1.86919e-13,0.0
GATO.TO,"Gatos Silver, Inc.",Basic Materials,0.0,0.0,0.0
GDI.TO,GDI Integrated Facility Services Inc.,Industrials,2.172e-09,1.597e-09,1.4116110000000002e-09
GXE.TO,Gear Energy Ltd.,Energy,1.87277e-10,1.29027e-10,6.505699999999999e-11
GDC.TO,Genesis Land Development Corp.,Real Estate,1.40357e-10,1.09761e-10,1.0393300000000001e-10
GEO.TO,Geodrill Limited,Basic Materials,1.38625412e-10,1.15214415e-10,8.2435561e-11
WN.TO,George Weston Limited,Consumer Defensive,5.7048e-08,5.3748e-08,5.327e-08
GFL.TO,GFL Environmental Inc.,Industrials,6.761300000000001e-09,5.136600000000001e-09,4.1962e-09
GEI.TO,Gibson Energy Inc.,Energy,1.1035411e-08,7.211148000000001e-09,4.938066e-09
GIL.TO,Gildan Activewear Inc.,Consumer Cyclical,3.2404819999999998e-09,2.92257e-09,1.981276e-09
GIVX.TO,Givex Corp.,Technology,7.2905e-11,5.520600000000001e-11,5.1525e-11
GVC.TO,Glacier Media Inc.,Communication Services,1.7601199999999999e-10,1.6456200000000002e-10,1.51304e-10
GLG.TO,GLG Life Tech Corporation,Consumer Defensive,1.0921991e-11,1.0876457e-11,1.5290203999999998e-11
GLO.TO,Global Atomic Corporation,Basic Materials,1.149494e-12,9.57723e-13,7.07552e-13
GDV.TO,Global Dividend Growth Split Corp.,Financial Services,-3.7462020999999996e-11,2.9086021999999998e-11,1.298034e-12
GEC.TO,Global Education Communities Corp.,Consumer Defensive,7.860299999999999e-11,7.323499999999999e-11,6.0869e-11
GMX.TO,Globex Mining Enterprises Inc.,Basic Materials,2.000452e-12,3.5273516e-11,7.398565e-12
GSY.TO,goeasy Ltd.,Financial Services,1.019336e-09,8.26722e-10,6.52922e-10
GGD.TO,GoGold Resources Inc.,Basic Materials,3.026e-11,3.6054e-11,5.3232000000000004e-11
GMTN.TO,Gold Mountain Mining Corp.,Basic Materials,1.0908467e-11,0.0,0.0
GRC.TO,Gold Springs Resource Corp.,Basic Materials,0.0,0.0,0.0
GGA.TO,Goldgroup Mining Inc.,Basic Materials,5.520000000000001e-13,1.8439e-11,1.9874e-11
GOLD.TO,GoldMining Inc.,Basic Materials,0.0,0.0,0.0
XAU.TO,Goldmoney Inc.,Financial Services,3.18718386e-10,3.5861269600000007e-10,6.62246931e-10
GDL.TO,Goodfellow Inc.,Basic Materials,6.311849999999999e-10,6.15946e-10,4.5410300000000004e-10
GTE.TO,Gran Tierra Energy Inc.,Energy,7.11388e-10,4.73722e-10,2.3783799999999996e-10
GWO.TO,Great-West Lifeco Inc.,Financial Services,4.4704e-08,6.444700000000001e-08,6.0599e-08
GFP.TO,GreenFirst Forest Products Inc.,Basic Materials,4.46259e-10,1.22607e-10,0.0
GRN.TO,Greenlane Renewables Inc.,Industrials,7.1241e-11,5.5351e-11,2.25e-11
GCG-A.TO,Guardian Capital Group Limited,Financial Services,1.922e-10,1.9021e-10,3.04737e-10
GDEP.TO,Guardian Directed Equity Path Portfolio,Exchange Traded Fund,,,
GDPY.TO,Guardian Directed Premium Yield Portfolio,Exchange Traded Fund,,,
GURU.TO,GURU Organic Energy Corp.,Consumer Defensive,2.928832e-11,2.9080953e-11,3.0190919e-11
GUD.TO,Knight Therapeutics Inc.,Healthcare,2.93563e-10,2.43478e-10,1.99519e-10
GRA.TO,NanoXplore Inc.,Basic Materials,1.22700485e-10,9.2333826e-11,6.665463400000001e-11
HAI.TO,Haivision Systems Inc.,Technology,1.39856595e-10,1.25696985e-10,9.2591393e-11
HMM-A.TO,Hammond Manufacturing Company Limited,Industrials,2.25922e-10,1.90128e-10,1.48223e-10
HPS-A.TO,Hammond Power Solutions Inc.,Industrials,5.584640000000001e-10,3.80202e-10,3.22097e-10
HWX.TO,Headwater Exploration Inc.,Energy,4.58379e-10,1.9094e-10,9.499e-12
HFPC-U.TO,Helios Fairfax Partners Corporation,Financial Services,-2.9188e-11,-1.2893e-11,-1.8307199999999999e-10
HBP.TO,Helix BioPharma Corp.,Healthcare,0.0,0.0,0.0
HRX.TO,Héroux-Devtek Inc.,Industrials,5.43622e-10,5.360869999999999e-10,5.706849999999999e-10
HWO.TO,High Arctic Energy Services Inc,Energy,8.002e-11,7.6442e-11,9.083400000000001e-11
HLF.TO,High Liner Foods Incorporated,Consumer Defensive,1.069714e-09,8.75405e-10,8.27453e-10
HLS.TO,HLS Therapeutics Inc.,Healthcare,6.1467e-11,6.0009e-11,5.6109e-11
HZM.TO,Horizonte Minerals Plc,Basic Materials,0.0,0.0,0.0
HBM.TO,Hudbay Minerals Inc.,Basic Materials,1.46144e-09,1.501998e-09,1.092418e-09
H.TO,Hydro One Limited,Utilities,7.78e-09,7.224999999999999e-09,7.2899999999999994e-09
ITE.TO,i3 Energy Plc,Energy,2.41972e-10,9.885700000000001e-11,1.3821000000000001e-11
IAG.TO,iA Financial Corporation Inc.,Financial Services,6.5459999999999995e-09,1.3398e-08,1.7685e-08
IMG.TO,IAMGOLD Corporation,Basic Materials,9.588e-10,8.755e-10,1.2417000000000002e-09
1547.HK,IBI Group Holdings Limited,Industrials,3.08517e-10,4.05878e-10,5.56702e-10
IFA.TO,iFabric Corp.,Consumer Cyclical,1.9743008e-11,1.9763671999999998e-11,1.1521675999999999e-11
IGM.TO,IGM Financial Inc.,Financial Services,3.4553580000000005e-09,3.587598e-09,3.150716e-09
ILLM.TO,illumin Holdings Inc.,Communication Services,1.21038735e-10,1.22026302e-10,1.04894048e-10
III.TO,Imperial Metals Corporation,Basic Materials,1.7279700000000001e-10,1.33591e-10,1.48097e-10
IMO.TO,Imperial Oil Limited,Energy,5.7234e-08,3.558e-08,2.0548e-08
IDG.TO,Indigo Books & Music Inc.,Consumer Cyclical,1.05774e-09,1.0622500000000001e-09,9.047380000000001e-10
ISV.TO,Information Services Corporation,Industrials,1.8989500000000002e-10,1.6937899999999998e-10,1.3672300000000002e-10
INE.TO,Innergex Renewable Energy Inc.,Utilities,8.70494e-10,7.472079999999999e-10,6.13207e-10
IPO.TO,InPlay Oil Corp.,Energy,2.3859e-10,1.13854e-10,4.193399999999999e-11
IFC.TO,Intact Financial Corporation,Financial Services,2.1151e-08,1.7577e-08,1.2462000000000001e-08
IGX.TO,IntelGenx Technologies Corp.,Healthcare,9.5e-13,1.5349999999999998e-12,1.5439999999999999e-12
IPCI.TO,Intellipharmaceutics International Inc.,Healthcare,6.5728e-14,0.0,1.401517e-12
IFP.TO,Interfor Corporation,Basic Materials,4.584045e-09,3.2891460000000003e-09,2.183609e-09
IMP.TO,Intermap Technologies Corporation,Technology,6.795e-12,5.799000000000001e-12,4.72e-12
IPCO.TO,International Petroleum Corporation,Energy,1.231242e-09,7.41034e-10,3.40841e-10
ITH.TO,International Tower Hill Mines Ltd.,Basic Materials,0.0,0.0,0.0
IVQ.TO,Invesque Inc.,Real Estate,1.98035e-10,1.9614700000000002e-10,2.17387e-10
IE.TO,Ivanhoe Electric Inc.,Basic Materials,8.439999999999999e-12,4.652000000000001e-12,4.633e-12
IVN.TO,Ivanhoe Mines Ltd.,Basic Materials,0.0,0.0,0.0
BND.TO,Purpose Global Bond Fund,Exchange Traded Fund,,,
JAG.TO,Jaguar Mining Inc.,Basic Materials,1.425e-10,1.5146700000000002e-10,1.6024700000000002e-10
JWEL.TO,Jamieson Wellness Inc.,Consumer Defensive,5.47369e-10,4.5103199999999996e-10,4.03661e-10
JOY.TO,Journey Energy Inc.,Energy,2.4695099999999997e-10,1.3441200000000002e-10,7.090699999999999e-11
KBL.TO,K-Bro Linen Inc.,Industrials,2.76623e-10,2.2399199999999999e-10,1.96591e-10
KNT.TO,K92 Mining Inc.,Basic Materials,1.8818600000000002e-10,1.54326e-10,1.59125e-10
KRN.TO,Karnalyte Resources Inc.,Basic Materials,0.0,0.0,0.0
KRR.TO,Karora Resources Inc.,Basic Materials,3.17042e-10,2.6418599999999996e-10,2.3913600000000003e-10
KLS.TO,Kelso Technologies Inc.,Industrials,1.0931188e-11,7.425707e-12,1.114913e-11
KEL.TO,Kelt Exploration Ltd.,Energy,6.133579999999999e-10,3.1676299999999997e-10,2.07156e-10
KEY.TO,Keyera Corp.,Energy,7.060223e-09,4.984906e-09,3.0125100000000004e-09
KXS.TO,Kinaxis Inc.,Technology,3.66889e-10,2.50726e-10,2.24189e-10
K.TO,Kinross Gold Corporation,Basic Materials,3.4551e-09,2.5996e-09,4.2134e-09
KITS.TO,Kits Eyecare Ltd.,Consumer Cyclical,9.1639e-11,8.240300000000001e-11,7.5217e-11
KEC.TO,Kiwetinohk Energy Corp.,Energy,7.684500000000001e-10,2.97185e-10,9.758e-12
KSI.TO,"kneat.com, inc.",Healthcare,2.3749201e-11,1.550135e-11,7.421917e-12
KEI.TO,Kolibri Global Energy Inc.,Energy,4.8375999999999997e-11,1.9128000000000002e-11,1.2251e-11
KPT.TO,KP Tissue Inc.,Consumer Defensive,0.0,0.0,0.0
LIF.TO,Labrador Iron Ore Royalty Corporation,Basic Materials,2.32322e-10,2.7946600000000004e-10,2.0192899999999999e-10
LAM.TO,Laramide Resources Ltd.,Energy,0.0,0.0,0.0
LGO.TO,Largo Inc.,Basic Materials,2.29251e-10,1.9828e-10,1.19987e-10
LAS-A.TO,Lassonde Industries Inc.,Consumer Defensive,2.150975e-09,1.8928620000000002e-09,1.980925e-09
LB.TO,Laurentian Bank of Canada,Financial Services,1.0255100000000001e-09,1.0342349999999998e-09,1.002457e-09
LNF.TO,Leon's Furniture Limited,Consumer Cyclical,2.5176590000000003e-09,2.51267e-09,2.22018e-09
LGD.TO,Liberty Gold Corp.,Basic Materials,0.0,0.0,0.0
LBS.TO,Life & Banc Split Corp.,Financial Services,-4.428201e-11,1.5762023400000001e-10,-1.3722858000000001e-11
LSPK.TO,LifeSpeak Inc.,Technology,4.7370102e-11,2.3266666000000002e-11,1.0083769999999999e-11
LSPD.TO,Lightspeed Commerce Inc.,Technology,7.305060000000001e-10,5.48372e-10,2.21728e-10
LNR.TO,Linamar Corporation,Consumer Cyclical,7.917911e-09,6.536574e-09,5.815573e-09
LEV.TO,The Lion Electric Company,Industrials,1.3991447e-10,5.7710204e-11,2.3422623e-11
LAAC.TO,Lithium Americas (Argentina) Corp.,Basic Materials,0.0,0.0,0.0
LAC.TO,Lithium Americas Corp.,Basic Materials,0.0,0.0,0.0
LIRC.TO,Lithium Royalty Corp.,Basic Materials,1.6838010000000001e-12,1.803175e-12,1.123276e-12
L.TO,Loblaw Companies Limited,Consumer Defensive,5.6504e-08,5.317e-08,5.2714e-08
LN.TO,Loncor Gold Inc.,Basic Materials,0.0,0.0,0.0
LPEN.TO,Loop Energy Inc.,Industrials,3.3279999999999996e-12,1.4239999999999998e-12,5.46e-13
LUC.TO,Lucara Diamond Corp.,Basic Materials,2.12934e-10,2.30078e-10,1.25263e-10
LUG.TO,Lundin Gold Inc.,Basic Materials,8.15666e-10,7.333289999999999e-10,3.58156e-10
LUN.TO,Lundin Mining Corporation,Basic Materials,3.041228e-09,3.328765e-09,2.0415060000000003e-09
LABS.TO,MediPharm Labs Corp.,Healthcare,2.2117e-11,2.1711e-11,3.6012e-11
XMF-A.TO,M Split Corp.,Financial Services,1.281407e-12,8.10408e-13,-2.601821e-12
MKZ-UN.TO,Mackenzie Master Limited Partnership,Financial Services,8.11657e-13,9.41827e-13,9.19455e-13
MPC-C.TO,Madison Pacific Properties Inc.,Real Estate,4.0467e-11,3.739e-11,3.2791e-11
MAG.TO,MAG Silver Corp.,Basic Materials,0.0,0.0,0.0
MAL.TO,Magellan Aerospace Corporation,Industrials,7.645800000000001e-10,6.883579999999999e-10,7.44414e-10
MG.TO,Magna International Inc.,Consumer Cyclical,3.784e-08,3.6242e-08,3.2647e-08
MEQ.TO,Mainstreet Equity Corp.,Real Estate,2.1002799999999998e-10,1.80573e-10,1.5992500000000002e-10
MDI.TO,Major Drilling Group International Inc.,Basic Materials,7.35742e-10,6.50415e-10,4.3207600000000004e-10
MND.TO,Mandalay Resources Corporation,Basic Materials,1.91699e-10,2.29396e-10,1.7897399999999999e-10
MFC.TO,Manulife Financial Corporation,Financial Services,1.5284e-08,5.9841e-08,7.712099999999999e-08
MFI.TO,Maple Leaf Foods Inc.,Consumer Defensive,4.739063e-09,4.521082e-09,4.303721999999999e-09
MARI.TO,Marimaca Copper Corp.,Basic Materials,0.0,0.0,0.0
MRE.TO,Martinrea International Inc.,Consumer Cyclical,4.7575880000000005e-09,3.783953e-09,3.375286e-09
MATR.TO,Mattr Corp.,Energy,1.255289e-09,1.1429999999999999e-09,1.178482e-09
MXG.TO,Maxim Power Corp.,Utilities,1.41263e-10,1.56014e-10,4.6726e-11
MKP.TO,MCAN Mortgage Corporation,Financial Services,8.843300000000001e-11,9.6495e-11,7.038800000000001e-11
MCB.TO,McCoy Global Inc.,Energy,5.2428e-11,3.2796000000000004e-11,3.8674e-11
MUX.TO,McEwen Mining Inc.,Basic Materials,1.1041699999999999e-10,1.36541e-10,1.04789e-10
MDF.TO,mdf commerce inc.,Technology,1.2829499999999997e-10,1.08259e-10,8.4719e-11
MDP.TO,Medexus Pharmaceuticals Inc.,Healthcare,1.08096e-10,7.6701e-11,7.965999999999999e-11
MVP.TO,MediaValet Inc.,Technology,1.2840709999999999e-11,9.340503999999999e-12,7.471903000000001e-12
MDNA.TO,Medicenna Therapeutics Corp.,Healthcare,0.0,0.0,0.0
MEG.TO,MEG Energy Corp.,Energy,6.342999999999999e-09,4.397e-09,2.3010000000000002e-09
MGA.TO,Mega Uranium Ltd.,Energy,0.0,0.0,0.0
MRD.TO,Melcor Developments Ltd.,Real Estate,2.41747e-10,3.1562799999999996e-10,2.2681800000000003e-10
MNO.TO,Meridian Mining UK Societas,Basic Materials,0.0,0.0,2.41019e-13
MX.TO,Methanex Corporation,Basic Materials,4.311188000000001e-09,4.414559e-09,2.6499630000000004e-09
MRU.TO,Metro Inc.,Consumer Defensive,2.07246e-08,1.88889e-08,1.8283e-08
MBX.TO,Microbix Biosystems Inc.,Healthcare,1.6514776e-11,1.9076241000000002e-11,1.859296e-11
MSV.TO,Minco Silver Corporation,Basic Materials,0.0,0.0,0.0
MSA.TO,Mineros S.A.,Basic Materials,5.290009999999999e-10,4.96247e-10,4.85301e-10
MOGO.TO,Mogo Inc.,Technology,6.8949e-11,5.7518999999999997e-11,4.4245e-11
TPX-B.TO,Molson Coors Canada Inc.,Consumer Defensive,1.0701000000000001e-08,1.02797e-08,9.654e-09
MRC.TO,Morguard Corporation,Real Estate,1.1200250000000002e-09,1.02191e-09,1.02845e-09
MPVD.TO,Mountain Province Diamonds Inc.,Basic Materials,3.88853e-10,3.08723e-10,2.2699299999999998e-10
MTY.TO,MTY Food Group Inc.,Consumer Cyclical,7.16522e-10,5.519030000000001e-10,5.111170000000001e-10
MTL.TO,Mullen Group Ltd.,Industrials,1.999453e-09,1.477434e-09,1.164331e-09
MIC-PA.TO,Sagen MI Canada Inc.,Financial Services,1.0651720000000002e-09,9.73804e-10,8.673e-10
NANO.TO,Nano One Materials Corp.,Basic Materials,0.0,0.0,0.0
NBLY.TO,Neighbourly Pharmacy Inc.,Healthcare,7.491489999999999e-10,4.27509e-10,3.0649400000000003e-10
NEO.TO,Neo Performance Materials Inc.,Basic Materials,6.402979999999999e-10,5.392509999999999e-10,3.46692e-10
NCU.TO,Nevada Copper Corp.,Basic Materials,9.086e-12,1.114e-11,0.0
NGD.TO,New Gold Inc.,Basic Materials,6.043999999999999e-10,7.455e-10,6.434000000000001e-10
NUAG.TO,New Pacific Metals Corp.,Basic Materials,0.0,0.0,0.0
NEM,Newmont Corporation,Basic Materials,1.1915e-08,1.2222e-08,1.1497e-08
NXE.TO,NexGen Energy Ltd.,Energy,0.0,0.0,0.0
NEXT.TO,NextSource Materials Inc.,Basic Materials,0.0,0.0,0.0
NXR-UN.TO,Nexus Industrial REIT,Real Estate,1.37121e-10,8.3559e-11,6.1386e-11
NFI.TO,NFI Group Inc.,Consumer Cyclical,2.053933e-09,2.343794e-09,2.419175e-09
NCP.TO,Nickel Creek Platinum Corp.,Basic Materials,0.0,0.0,0.0
NHK.TO,Nighthawk Gold Corp.,Basic Materials,0.0,0.0,0.0
NB.TO,NioCorp Developments Ltd.,Basic Materials,0.0,0.0,0.0
NOA.TO,North American Construction Group Ltd.,Energy,7.69539e-10,6.54143e-10,4.98468e-10
NWC.TO,The North West Company Inc.,Consumer Defensive,2.35276e-09,2.248796e-09,2.359239e-09
NCF.TO,Northcliff Resources Ltd.,Basic Materials,0.0,0.0,0.0
NDM.TO,Northern Dynasty Minerals Ltd.,Basic Materials,0.0,0.0,0.0
NPI.TO,Northland Power Inc.,Utilities,2.448815e-09,2.093255e-09,2.0606269999999996e-09
NOVC.TO,Nova Cannabis Inc.,Healthcare,2.2641999999999998e-10,1.3436400000000002e-10,6.3314e-11
NG.TO,NovaGold Resources Inc.,Basic Materials,0.0,0.0,0.0
NUMI.TO,Numinus Wellness Inc.,Healthcare,2.3180499e-11,6.494074000000001e-12,1.51367e-12
NTR.TO,Nutrien Ltd.,Basic Materials,3.7884000000000004e-08,2.7712e-08,2.0908e-08
NVEI.TO,Nuvei Corporation,Technology,8.43323e-10,7.245259999999999e-10,3.76226e-10
NVA.TO,NuVista Energy Ltd.,Energy,1.7459749999999999e-09,8.8529e-10,4.24637e-10
SFD.TO,NXT Energy Solutions Inc.,Energy,0.0,3.1342500000000003e-12,1.3656599999999998e-13
NPK.TO,Verde AgriTech Limited,Basic Materials,8.0271e-11,2.7708999999999998e-11,9.167000000000001e-12
OBE.TO,Obsidian Energy Ltd.,Energy,9.2e-10,4.975e-10,2.8650000000000004e-10
OGC.TO,OceanaGold Corporation,Basic Materials,9.847000000000001e-10,7.5e-10,5.001000000000001e-10
OLY.TO,Olympia Financial Group Inc.,Financial Services,7.138188599999999e-11,4.8353534000000004e-11,4.8040802e-11
ONC.TO,Oncolytics Biotech Inc.,Healthcare,0.0,0.0,0.0
ONEX.TO,Onex Corporation,Financial Services,4.37e-10,2.0309999999999997e-09,1.138e-09
OTEX.TO,Open Text Corporation,Technology,4.4849799999999995e-09,3.493844e-09,3.386115e-09
OPT.TO,Optiva Inc.,Technology,6.177900000000001e-11,6.523600000000002e-11,7.5915504e-11
OGD.TO,Orbit Garant Drilling Inc.,Basic Materials,2.00976e-10,1.9547300000000002e-10,1.63294e-10
OREA.TO,Orea Mining Corp.,Basic Materials,0.0,0.0,0.0
ORE.TO,Orezone Gold Corporation,Basic Materials,4.3431156e-11,0.0,0.0
OGI.TO,Organigram Holdings Inc.,Healthcare,1.45809e-10,7.9163e-11,8.6795e-11
OLA.TO,Orla Mining Ltd.,Basic Materials,1.9323e-10,4.124e-12,0.0
ORV.TO,Orvana Minerals Corp.,Basic Materials,9.912200000000001e-11,9.4668e-11,1.05513e-10
OR.TO,Osisko Gold Royalties Ltd,Basic Materials,2.1780899999999999e-10,2.24877e-10,2.1363e-10
OSK.TO,Osisko Mining Inc.,Basic Materials,0.0,0.0,0.0
OVV.TO,Ovintiv Inc.,Energy,1.2464e-08,8.658e-09,6.087e-09
PAAS.TO,Pan American Silver Corp.,Basic Materials,1.4947180000000002e-09,1.6327500000000002e-09,1.338812e-09
POU.TO,Paramount Resources Ltd.,Energy,2.5244e-09,1.4590999999999999e-09,6.26e-10
PXT.TO,Parex Resources Inc.,Energy,1.643589e-09,1.057184e-09,5.875200000000001e-10
PLC.TO,Park Lawn Corporation,Consumer Cyclical,3.2102111800000003e-10,2.89117444e-10,2.4865776216318e-10
PKI.TO,Parkland Corporation,Energy,3.5462000000000003e-08,2.1468e-08,1.4010999999999999e-08
PVS-PG.TO,Partners Value Split Corp.,Financial Services,,,
PSI.TO,Pason Systems Inc.,Energy,3.3499799999999996e-10,2.06686e-10,1.5663599999999998e-10
PAY.TO,Payfare Inc.,Technology,1.29927592e-10,4.1966577e-11,1.3449513e-11
PPL.TO,Pembina Pipeline Corporation,Energy,1.1611e-08,8.626999999999998e-09,5.953e-09
PPTA,Perpetua Resources Corp.,Basic Materials,0.0,0.0,0.0
PMT.TO,Perpetual Energy Inc.,Energy,1.09687e-10,6.1199e-11,3.0171e-11
PRU.TO,Perseus Mining Limited,Basic Materials,1.4264200000000001e-09,1.125547e-09,6.79731e-10
PET.TO,Pet Valu Holdings Ltd.,Consumer Cyclical,9.51697e-10,7.76013e-10,6.484589999999999e-10
TAL.TO,PetroTal Corp.,Energy,3.5282799999999994e-10,1.5918899999999999e-10,6.174e-11
PRQ.TO,Petrus Resources Ltd.,Energy,1.5235e-10,8.126799999999999e-11,5.0368000000000005e-11
PEY.TO,Peyto Exploration & Development Corp.,Energy,1.632061e-09,9.11981e-10,3.9999000000000003e-10
PHX.TO,PHX Energy Services Corp.,Energy,5.357448789999999e-10,3.3994606700000004e-10,2.4640198999999997e-10
PEA.TO,Pieridae Energy Limited,Energy,4.8783e-10,3.3465499999999997e-10,2.38079e-10
PCON.TO,PIMCO Managed Conservative Bond Pool,Exchange Traded Fund,,,
PCOR.TO,PIMCO Managed Core Bond Pool,Exchange Traded Fund,,,
PNE.TO,Pine Cliff Energy Ltd.,Energy,3.0998799999999996e-10,1.67715e-10,1.0732099999999999e-10
PNP.TO,Pinetree Capital Ltd.,Financial Services,2.082e-12,2.281e-12,1.7030000000000001e-12
PZA.TO,Pizza Pizza Royalty Corp.,Consumer Cyclical,3.6427000000000004e-11,3.1918999999999996e-11,3.1789000000000005e-11
PTM.TO,Platinum Group Metals Ltd.,Basic Materials,0.0,0.0,0.0
PLZ-UN.TO,Plaza Retail REIT,Real Estate,1.1124500000000001e-10,1.10632e-10,1.06898e-10
PIF.TO,Polaris Renewable Energy Inc.,Utilities,6.260000000000001e-11,5.9517e-11,7.472e-11
PBL.TO,Pollard Banknote Limited,Consumer Cyclical,4.82278e-10,4.59014e-10,4.1413400000000003e-10
PNC-B.TO,Postmedia Network Canada Corp.,Communication Services,4.4849900000000005e-10,4.58224e-10,4.42343e-10
POW.TO,Power Corporation of Canada,Financial Services,4.8737e-08,6.9591e-08,6.4616e-08
PWF-PT.TO,Power Financial Corporation,Financial Services,,,
PPR.TO,Prairie Provident Resources Inc.,Energy,1.20598e-10,8.4423e-11,5.172e-11
PSK.TO,PrairieSky Royalty Ltd.,Energy,6.432999999999999e-10,3.08e-10,1.7140000000000002e-10
PD.TO,Precision Drilling Corporation,Energy,1.617194e-09,9.868469999999998e-10,9.35753e-10
PBH.TO,Premium Brands Holdings Corporation,Consumer Defensive,6.0298e-09,4.9316999999999994e-09,4.0689e-09
PIC-A.TO,Premium Income Corporation,Financial Services,0.0,0.0,0.0
PDV.TO,Prime Dividend Corp.,Financial Services,-4.71122e-13,3.528587e-12,-6.57674e-13
PRYM.TO,Prime Mining Corp.,Basic Materials,0.0,0.0,0.0
PRMW.TO,Primo Water Corporation,Consumer Defensive,2.2151e-09,2.0733000000000003e-09,1.9535e-09
PRB.TO,Probe Gold Inc.,Basic Materials,0.0,0.0,0.0
PRN.TO,Profound Medical Corp.,Healthcare,6.681e-12,6.873e-12,7.304e-12
PRL.TO,Propel Holdings Inc.,Financial Services,2.1656633599999999e-10,1.23126925e-10,6.9073558e-11
PSD.TO,Pulse Seismic Inc.,Energy,9.57e-12,4.914999999999999e-11,1.1349000000000001e-11
PYR.TO,PyroGenesis Canada Inc.,Industrials,1.9013503e-11,3.106835e-11,1.7775029000000002e-11
QFOR.TO,Q4 Inc.,Technology,5.6075053e-11,5.5387739e-11,4.0381179999999997e-11
QTRH.TO,Quarterhill Inc.,Technology,3.0569e-10,1.25695e-10,1.44526e-10
QBR-B.TO,Quebecor Inc.,Communication Services,4.531899999999999e-09,4.554399999999999e-09,4.3178e-09
BRSGF,Queen's Road Capital Investment Ltd.,Financial Services,1.6122019999999999e-12,3.878584e-12,6.8376296e-11
QEC.TO,Questerre Energy Corporation,Energy,5.1751e-11,3.0404e-11,2.1924e-11
QIPT,Quipt Home Medical Corp.,Healthcare,2.2174199999999997e-10,1.3986199999999999e-10,1.02351e-10
QSR.TO,Restaurant Brands International Inc.,Consumer Cyclical,6.505e-09,5.739e-09,4.968e-09
RSTRF,Restaurant Brands International Limited Partnership,Consumer Cyclical,6.505e-09,5.739e-09,4.968e-09
RBA,"RB Global, Inc.",Industrials,1.733808e-09,1.416971e-09,1.3772599999999999e-09
RS.TO,Real Estate Split Corp.,Financial Services,3.11998e-12,1.369635e-12,2.4282100000000004e-13
REAL.TO,Real Matters Inc.,Real Estate,1.63914e-10,3.39642e-10,5.041070000000001e-10
RVX.TO,Resverlogix Corp.,Healthcare,0.0,0.0,0.0
RCG.TO,RF Capital Group Inc.,Financial Services,3.53972e-10,3.28519e-10,8.0535e-11
RCH.TO,Richelieu Hardware Ltd.,Consumer Cyclical,1.8027870000000002e-09,1.4404159999999998e-09,1.12784e-09
RCI-B.TO,Rogers Communications Inc.,Communication Services,1.5396e-08,1.4655e-08,1.3916e-08
RSI.TO,Rogers Sugar Inc.,Consumer Defensive,1.104713e-09,1.0061340000000002e-09,8.93931e-10
ROOT.TO,Roots Corporation,Consumer Cyclical,2.72116e-10,2.7383399999999996e-10,2.40506e-10
RY.TO,Royal Bank of Canada,Financial Services,5.6256e-08,4.8775e-08,4.9536999999999996e-08
RUP.TO,Rupert Resources Ltd.,Basic Materials,0.0,0.0,0.0
RUS.TO,Russel Metals Inc.,Industrials,5.0706e-09,4.208499999999999e-09,2.6883000000000003e-09
RIFI.TO,Russell Investments Fixed Income Pool,Exchange Traded Fund,,,
RIIN.TO,Russell Investments Global Infrastructure Pool,Exchange Traded Fund,,,
RIRA.TO,Russell Investments Real Assets,Exchange Traded Fund,,,
RAY-A.TO,Stingray Group Inc.,Communication Services,3.23944e-10,2.8262599999999995e-10,2.47857e-10
SBN.TO,Mulvihill S Split Corp.,Financial Services,-2.1207799999999998e-12,3.355042e-12,-7.349949999999999e-13
SGLD.TO,Sabre Gold Mines Corp.,Basic Materials,0.0,0.0,0.0
SFC.TO,Sagicor Financial Company Ltd.,Financial Services,2.546366e-09,2.3553539999999998e-09,1.902962e-09
SSL.TO,Sandstorm Gold Ltd.,Basic Materials,1.48732e-10,1.1485999999999999e-10,9.302500000000001e-11
STC.TO,Sangoma Technologies Corporation,Technology,2.5253e-10,2.24352e-10,1.31383e-10
SAP.TO,Saputo Inc.,Consumer Defensive,1.7843e-08,1.5035e-08,1.4293999999999999e-08
SOIL.TO,Saturn Oil & Gas Inc.,Energy,3.71132e-10,1.16214e-10,7.549e-12
SIS.TO,Savaria Corporation,Industrials,7.89091e-10,6.60983e-10,3.54496e-10
SCY.TO,Scandium International Mining Corp.,Basic Materials,0.0,0.0,0.0
SEA.TO,Seabridge Gold Inc.,Basic Materials,0.0,0.0,0.0
SES.TO,Secure Energy Services Inc.,Industrials,8.002000000000001e-09,3.766e-09,1.8240000000000001e-09
SEC.TO,Senvest Capital Inc.,Financial Services,-2.6238200000000005e-10,1.039872e-09,3.54207e-10
SRB.L,Serabi Gold plc,Basic Materials,5.8709328e-11,6.3141437e-11,5.5830077999999996e-11
SVA.TO,Sernova Corp.,Healthcare,0.0,0.0,0.0
S.TO,Sherritt International Corporation,Basic Materials,1.7880000000000002e-10,1.102e-10,1.198e-10
SHOP.TO,Shopify Inc.,Technology,5.599863999999999e-09,4.611856e-09,2.929491e-09
SIA.TO,Sienna Senior Living Inc.,Healthcare,7.185900000000001e-10,6.684940000000001e-10,6.64233e-10
SMT.TO,Sierra Metals Inc.,Basic Materials,1.92119e-10,2.72014e-10,2.46888e-10
SGNL.TO,Signal Gold Inc.,Basic Materials,4.1771421999999995e-11,2.7798558e-11,4.158299000000001e-11
SBR.TO,Silver Bear Resources Plc,Basic Materials,3.9169165e-11,4.5315268e-11,5.1887094e-11
SVB.TO,"Silver Bull Resources, Inc.",Basic Materials,0.0,0.0,0.0
SVM.TO,Silvercorp Metals Inc.,Basic Materials,2.0812899999999997e-10,2.1792299999999998e-10,1.9210499999999998e-10
SIL.TO,SilverCrest Metals Inc.,Basic Materials,4.3509999999999994e-11,0.0,0.0
SKE.TO,Skeena Resources Limited,Basic Materials,0.0,0.0,0.0
SGR-UN.TO,Slate Grocery REIT,Real Estate,1.77485e-10,1.3827500000000002e-10,1.2612999999999998e-10
SOT-UN.TO,Slate Office REIT,Real Estate,1.96515e-10,1.7265e-10,1.8358600000000003e-10
ZZZ.TO,Sleep Country Canada Holdings Inc.,Consumer Cyclical,9.286570000000001e-10,9.201939999999999e-10,7.576989999999999e-10
SFTC.TO,Softchoice Corporation,Technology,9.28214e-10,9.03066e-10,8.367509999999999e-10
SLS.TO,Solaris Resources Inc.,Basic Materials,0.0,0.0,0.0
SOLG.TO,SolGold Plc,Basic Materials,0.0,0.0,0.0
XPL,Solitario Resources Corp.,Basic Materials,0.0,0.0,0.0
SFI.TO,Solution Financial Inc.,Industrials,1.537745e-11,2.0347916000000002e-11,2.0452133e-11
SHLE.TO,Source Energy Services Ltd.,Energy,4.15912e-10,3.1986100000000003e-10,2.49878e-10
SDE.TO,Spartan Delta Corp.,Energy,1.4751369999999998e-09,6.18839e-10,9.9713e-11
TOY.TO,Spin Master Corp.,Consumer Cyclical,2.0203e-09,2.0424000000000003e-09,1.5706e-09
SII.TO,Sprott Inc.,Financial Services,1.49283e-10,1.6141e-10,1.1045e-10
SSRM.TO,SSR Mining Inc.,Basic Materials,1.148033e-09,1.474199e-09,8.53089e-10
SAU.TO,St. Augustine Gold and Copper Limited,Basic Materials,0.0,0.0,0.0
SZLS.TO,StageZero Life Sciences Ltd.,Healthcare,3.795076e-12,5.068156e-12,4.15181e-12
STN.TO,Stantec Inc.,Industrials,5.677199999999999e-09,4.5768e-09,4.7301000000000004e-09
SAM.TO,Starcore International Mines Ltd.,Basic Materials,2.5679e-11,2.6799e-11,2.4819999999999998e-11
STLC.TO,Stelco Holdings Inc.,Basic Materials,3.463e-09,4.123e-09,1.5169999999999998e-09
SJ.TO,Stella-Jones Inc.,Basic Materials,3.065e-09,2.75e-09,2.551e-09
STEP.TO,STEP Energy Services Ltd.,Energy,9.89018e-10,5.36309e-10,3.6894499999999996e-10
STGO.TO,Steppe Gold Ltd.,Basic Materials,6.2366e-11,2.405e-11,5.8106000000000005e-11
SVI.TO,StorageVault Canada Inc.,Real Estate,2.6182828899999995e-10,2.08660678e-10,1.55463922e-10
SCR.TO,Strathcona Resources Ltd.,Energy,,,
SMC.TO,Sulliden Mining Capital Inc.,Basic Materials,0.0,0.0,0.0
SLF.TO,Sun Life Financial Inc.,Financial Services,2.3206999999999997e-08,3.569e-08,4.3337e-08
SU.TO,Suncor Energy Inc.,Energy,6.290700000000001e-08,4.1133e-08,2.4899999999999998e-08
SOY.TO,SunOpta Inc.,Consumer Defensive,9.34662e-10,8.126240000000001e-10,7.892129999999999e-10
SPB.TO,Superior Plus Corp.,Utilities,3.3798000000000003e-09,2.3925999999999998e-09,1.8069000000000002e-09
SXP.TO,Supremex Inc.,Consumer Cyclical,2.72467276e-10,2.2642994700000001e-10,2.04604433e-10
SGY.TO,Surge Energy Inc.,Energy,7.344699999999999e-10,4.14638e-10,2.15821e-10
SWP.TO,Swiss Water Decaffeinated Coffee Inc.,Consumer Defensive,1.76935e-10,1.2507600000000001e-10,9.757099999999999e-11
SXI.TO,Synex Renewable Energy Corporation,Utilities,2.202636e-12,3.3455400000000003e-12,3.532139e-12
TBL.TO,Taiga Building Products Ltd.,Basic Materials,2.192705e-09,2.219674e-09,1.589123e-09
TAIG.TO,Taiga Motors Corporation,Consumer Cyclical,3.2121e-12,0.0,0.0
TSK.TO,Talisker Resources Ltd.,Basic Materials,0.0,0.0,0.0
TLO.TO,Talon Metals Corp.,Basic Materials,0.0,0.0,0.0
TVE.TO,Tamarack Valley Energy Ltd.,Energy,1.461117e-09,7.010510000000001e-10,2.2207300000000001e-10
TKO.TO,Taseko Mines Limited,Basic Materials,3.9160899999999995e-10,4.33278e-10,3.43267e-10
TRP.TO,TC Energy Corporation,Energy,1.4977000000000002e-08,1.3387e-08,1.2999e-08
XTD.TO,TDb Split Corp.,Financial Services,1.921048e-12,1.8493854999999998e-11,-1.3928334e-11
TECK-B.TO,Teck Resources Limited,Basic Materials,1.7316e-08,1.2766e-08,8.948e-09
TCS.TO,Tecsys Inc.,Technology,1.52424e-10,1.372e-10,1.23101e-10
TSAT.TO,Telesat Corporation,Technology,7.59169e-10,7.582119999999999e-10,8.204679999999999e-10
T.TO,TELUS Corporation,Communication Services,1.8292e-08,1.6837999999999998e-08,1.5341e-08
TIXT.TO,TELUS International (Cda) Inc.,Technology,2.468e-09,2.194e-09,1.5820000000000001e-09
TNZ.TO,Tenaz Energy Corp.,Energy,3.4087e-11,1.7829999999999998e-11,8.614999999999999e-12
TGO.TO,TeraGo Inc.,Communication Services,2.7622000000000002e-11,4.3302999999999995e-11,4.5448000000000004e-11
TSND.TO,TerrAscend Corp.,Healthcare,2.47829e-10,1.9421e-10,1.32152e-10
TVK.TO,TerraVest Industries Inc.,Energy,6.783499999999999e-10,5.767039999999999e-10,3.07463e-10
TFII.TO,TFI International Inc.,Industrials,8.812491e-09,7.2204290000000006e-09,3.781134000000001e-09
TH.TO,Theratechnologies Inc.,Healthcare,8.005699999999999e-11,6.9823e-11,6.6053e-11
THNC.TO,Thinkific Labs Inc.,Technology,5.1476010000000003e-11,3.8116836e-11,2.1069587e-11
TRI.TO,Thomson Reuters Corporation,Industrials,6.627e-09,6.348e-09,5.984e-09
TWM.TO,Tidewater Midstream and Infrastructure Ltd.,Energy,2.8751999999999997e-09,1.6984e-09,9.79406e-10
TLRY.TO,"Tilray Brands, Inc.",Healthcare,6.27124e-10,6.28372e-10,5.13085e-10
TF.TO,Timbercreek Financial Corp.,Financial Services,1.4830600000000002e-10,1.16572e-10,1.25698e-10
TMD.TO,Titan Medical Inc.,Healthcare,0.0,2.0093e-11,2.0000000000000002e-11
TI.TO,Titan Mining Corporation,Basic Materials,6.2061e-11,5.5594e-11,3.263799999999999e-11
TTNMF,Titanium Transportation Group Inc.,Industrials,4.96374e-10,3.99443e-10,2.00742e-10
X.TO,TMX Group Limited,Financial Services,1.1165999999999998e-09,9.807000000000001e-10,8.651e-10
TPZ.TO,Topaz Energy Corp.,Energy,3.56735e-10,1.98614e-10,8.9643e-11
TXG.TO,Torex Gold Resources Inc.,Basic Materials,8.685e-10,8.558e-10,7.892e-10
TIH.TO,Toromont Industries Ltd.,Industrials,4.230735999999999e-09,3.886537e-09,3.478897e-09
TD.TO,The Toronto-Dominion Bank,Financial Services,5.2929e-08,4.5761999999999996e-08,4.2265999999999996e-08
TOT.TO,Total Energy Services Inc.,Energy,7.59813e-10,4.3157600000000004e-10,3.6575e-10
TXP.TO,Touchstone Exploration Inc.,Energy,4.2985999999999996e-11,2.9608000000000004e-11,1.9713000000000002e-11
TOU.TO,Tourmaline Oil Corp.,Energy,8.677648e-09,5.1215979999999995e-09,2.144071e-09
TA.TO,TransAlta Corporation,Utilities,2.976e-09,2.721e-09,2.101e-09
TRZ.TO,Transat A.T. Inc.,Consumer Cyclical,3.048352e-09,1.642038e-09,1.24818e-10
TCL-A.TO,Transcontinental Inc.,Consumer Cyclical,2.9406e-09,2.9560999999999997e-09,2.6434e-09
TML.TO,Treasury Metals Inc.,Basic Materials,0.0,0.0,0.0
TSL.TO,Tree Island Steel Ltd.,Basic Materials,3.38434e-10,3.0184800000000003e-10,2.15894e-10
TCW.TO,Trican Well Service Ltd.,Energy,8.66295e-10,5.624790000000001e-10,3.9701900000000003e-10
TCN.TO,Tricon Residential Inc.,Real Estate,8.05673e-10,4.966080000000001e-10,4.01072e-10
TMQ.TO,Trilogy Metals Inc.,Basic Materials,0.0,0.0,0.0
TFPM.TO,Triple Flag Precious Metals Corp.,Basic Materials,1.51885e-10,1.50421e-10,1.12588e-10
TSU.TO,Trisura Group Ltd.,Financial Services,5.26102e-10,3.49877e-10,2.26632e-10
TLG.TO,Troilus Gold Corp.,Basic Materials,0.0,0.0,0.0
TRX,TRX Gold Corporation,Basic Materials,3.8319999999999997e-11,1.5094e-11,0.0
TC.TO,Tucows Inc.,Technology,3.21142e-10,3.0433700000000003e-10,3.11202e-10
TVA-B.TO,TVA Group Inc.,Communication Services,5.944089999999999e-10,6.228339999999999e-10,5.08144e-10
TWC.TO,TWC Enterprises Limited,Consumer Cyclical,1.9080600000000003e-10,1.78417e-10,1.3180099999999998e-10
UNI.TO,Unisync Corp.,Consumer Cyclical,1.0359981100000001e-10,9.6306766e-11,8.6285179e-11
UNC.TO,United Corporations Limited,Financial Services,2.0379000000000003e-11,-2.1629999999999997e-11,4.88208e-10
URE.TO,Ur-Energy Inc.,Energy,1.8999999999999998e-14,1.6e-14,8.316000000000001e-12
URC.TO,Uranium Royalty Corp.,Energy,1.3854e-11,0.0,0.0
URB.TO,Urbana Corporation,Financial Services,2.344237e-11,6.970354600000001e-11,1.6000346e-11
VNP.TO,5N Plus Inc.,Basic Materials,2.64223e-10,2.0999000000000002e-10,1.77192e-10
VPH.TO,Valeo Pharma Inc.,Healthcare,5.391e-11,2.7745e-11,1.3557000000000001e-11
VLE.TO,Valeura Energy Inc.,Energy,0.0,3.126e-12,8.547e-12
VCM.TO,Vecima Networks Inc.,Technology,3.03437e-10,1.8681399999999998e-10,1.24177e-10
VLN.TO,Velan Inc.,Industrials,3.7042899999999997e-10,4.1124200000000004e-10,3.0206299999999996e-10
VET.TO,Vermilion Energy Inc.,Energy,3.721228e-09,2.226852e-09,1.2473979999999998e-09
VBNK.TO,VersaBank,Financial Services,1.0863500000000001e-10,8.239199999999999e-11,6.535700000000001e-11
VGCX.TO,Victoria Gold Corp.,Basic Materials,3.21843e-10,3.5645400000000003e-10,1.78747827e-10
VQS.TO,VIQ Solutions Inc.,Technology,4.5843929e-11,3.1046812e-11,3.1749693e-11
VGZ.TO,Vista Gold Corp.,Basic Materials,0.0,0.0,0.0
VHI.TO,Vitalhub Corp.,Healthcare,3.9970814e-11,2.4664592999999997e-11,1.3794192000000001e-11
VOXR,Vox Royalty Corp.,Basic Materials,8.508105000000001e-12,3.651717e-12,1.2622700000000002e-13
WJX.TO,Wajax Corporation,Industrials,1.962822e-09,1.637281e-09,1.4226479999999998e-09
WFC.TO,Wall Financial Corporation,Real Estate,1.44352178e-10,2.41048774e-10,1.9155843999999999e-10
WM.TO,Wallbridge Mining Company Limited,Basic Materials,0.0,0.0,0.0
WCN.TO,"Waste Connections, Inc.",Industrials,7.211859e-09,6.151361e-09,5.44599e-09
WELL.TO,WELL Health Technologies Corp.,Healthcare,5.691359999999999e-10,3.0232400000000003e-10,5.024e-11
WDO.TO,Wesdome Gold Mines Ltd.,Basic Materials,2.65483e-10,2.62907e-10,2.1546600000000002e-10
WFG.TO,West Fraser Timber Co. Ltd.,Basic Materials,9.701e-09,1.0518e-08,4.3730000000000005e-09
WRN.TO,Western Copper and Gold Corporation,Basic Materials,0.0,0.0,0.0
WRG.TO,Western Energy Services Corp.,Energy,2.00344e-10,1.3167800000000001e-10,1.0368399999999999e-10
WEF.TO,Western Forest Products Inc.,Basic Materials,1.444e-09,1.4177e-09,9.649e-10
WRX.TO,Western Resources Corp.,Basic Materials,0.0,0.0,0.0
WPRT.TO,Westport Fuel Systems Inc.,Consumer Cyclical,3.0569799999999997e-10,3.12412e-10,2.5249700000000003e-10
WTE.TO,Westshore Terminals Investment Corporation,Industrials,2.9195999999999994e-10,3.40471e-10,3.6841e-10
WPM.TO,Wheaton Precious Metals Corp.,Basic Materials,1.065053e-09,1.201665e-09,1.096224e-09
WCP.TO,Whitecap Resources Inc.,Energy,4.7804e-09,2.6940000000000004e-09,9.31898e-10
WILD.TO,WildBrain Ltd.,Communication Services,5.328709999999999e-10,5.07223e-10,4.5253399999999997e-10
WLLW.TO,Willow Biosciences Inc.,Healthcare,8.209999999999999e-13,1.3300000000000001e-13,1e-14
WCM-B.TO,Wilmington Capital Management Inc.,Financial Services,1.659e-12,1.871e-12,2.013e-12
WPK.TO,Winpak Ltd.,Consumer Cyclical,1.181133e-09,1.001994e-09,8.52493e-10
WSP.TO,WSP Global Inc.,Industrials,1.19329e-08,1.0279100000000001e-08,8.8039e-09
XAM.TO,Xanadu Mines Limited,Basic Materials,,,
XTG.TO,Xtra-Gold Resources Corp.,Basic Materials,0.0,0.0,0.0
XTRA.TO,Xtract One Technologies Inc.,Technology,4.111244e-12,3.619214e-12,1.081975e-12
Y.TO,Yellow Pages Limited,Communication Services,2.68278e-10,2.87646e-10,3.3353800000000005e-10
YRB.TO,Yorbeau Resources Inc.,Basic Materials,5.968409999999999e-13,8.20893e-13,8.17736e-13
